,comentarios,estrelas
0,"Comprei o produto, que não veio sequer embalado pela loja ou seja, qualquer funcionário do correio ou que estiver passando via o que era meu produto, me expondo e ao chegar, segui todas as instruções do manual de instalação e o produto não funcionou, acredito que seja um defeito de fábrica, estou aguardando a troca, espero que venha logo pois preciso da impressora para trabalhar e está me fazendo muita falta.",1
1,"Amei, minha multifuncional, coube direitinho no meu espaço e ainda atingiu  minhas espectativas",5
2,"Boa qualidade de impressão e de digitalização com custo relativamente baixo. Uma grande vantagem é possuir cartuchos de tinta individuais para cada cor, além dos cartuchos Epson serem mais baratos do que os dos concorrentes. Ideal para uso residencial. A entrega foi eficiente, um dia antes do prazo final.",5
3,"Comprei a multifuncional por um valor acessível o produto tem ótimo desempenho com alta qualidade de impressão tem fácil instalação também,além de ser compacta e dispensar a necessidade de cabos pós a mesma possuí sistema wi-fi mas vale ressaltar que os cartuchos são apenas para testes mas tem boa durabilidade,sobre a entrega foi feita com um dia de atraso e a falta de rastrear a carga através de um código é angustiante mas tudo transcorreu com normalidade e qualidade e já fiz mais compras.",5
4,"Otima impressora, recomendado exelente custo beneficio",5
5,comprei a epson xp 241 a entrega foi muito rapida mais fui comprar  outro cartucho nao acho o original,2
6,Produto de fácil montagem. Porém indico um manual mais explicativo sobre instalação via Internet. Já que muitos computadores não possuem mais entrada para CD.,4
7,"Recomendo muito impressoras epson, de várias marcas já utilizadas ela é a q durou mais. São robustas e tem um custo benefício muito atrativo para uso residencial.",5
8,"multifuncional top - excelente impressão - utiliza cartuchos Epson 296 [coloridos e preto] ou 297 [preto de alta capacidade] - fácil instalação se seguir o manual - único porém é quando for trocar de casa a impressora, ela não reconhece o wifi da ""nova"" residência e é necessário instalar novamente! Scanner perfeito",5
9,"Ótimo produto, entrega dentro do prazo. Senti falta do código de rastreamento que não era disponível no modo que comprei, mas valeu
Mesmo sem saber qual dia exato chegaria !",5
10,Gostei da performance na impressão. A impressora mais rápida que vi. O custo beneficio até agora parece muito bom e só espero que a tinta dure o bastante pois depois de alguns dias parou de mostrar a quantidade ao imprimir.,4
11,"De cara mim dera 21 dias depois aumentarão o prazo de entrega, não gostei muito, mas chegou antes do prazo combinado. Produto de excelente qualidade e muito bom que veio com os cartuchos, outras que eu comprei não veio mais essa veio. Recomendo e voltarei a compra no sit novamente.",5
12,"excelente qualidade de impressão, fácil instalação, ótimo custo x benefício",4
13,Impressora com recursos sem fio e cartuchos de tinta mais baratos. Ótimo custo X beneficio. O fato de ser sem fio não deixa a instalação mais fácil não. De qualquer forma é necessário instala-la em cada dispositivo igual a qualquer impressora com cabo. A única diferença está na mobilidade.,4
14,"foi uma compra normal, o produto chegou no prazo e sem nenhum detalhe. considero bom.",3
15,"O produto é ótimo, compacta,bonita, estou satisfeito.",5
16,Impressora Epson XP241 é boa superou minha expectativas.,4
17,"O produto é muito bonito, tem um bom desempenho, bom custo-benefício. Mas como quase todo Notebook os 4GB de RAM não favorece muito a abertura de diversas janelas e programas.",4
18,"Até agora só utilizei para as impressões de teste. A impressão colorida é muito boa, mas a preta poderia ser melhor. Ela imprime rápido e é silenciosa. Testei o scanner e a copiadora colorida e preto e branco.. tudo funciona bem.
Ainda não configurei pelo wi fi.",4
19,"Atende bem as expectativas de um usuário doméstico como eu, rápida e funcional.",5
20,"amei o aparelho epson xp241, porém ele é complicado pra instalar o wifi dele. de resto seu desempenho é otimo.
o liquidificador é muito bom, trabalha muito bem no minimo, no maximo é maravilhoso. estou muito satisfeita com este.",4
21,"É um excelente relógio para o fim q se destina. Ótimo custo benefício se conseguir comprar lo por um preço promocional como consegui. É leve, de fácil manuseio,  tem um display com tamanho bacana e a interação com o PC lhe fornece várias informações sobre suas corridas. Só não dou a avaliação máxima por conta do app para celular (o próprio da tom tom) q não roda em muitos celulares. Após pesquisa vi q esse é o ponto negativo para muitas pessoas.",4
22,"tinha um problema serio com outras lavadoras de roupa, ficava cheia de pelo. Roupa preta ficava manchada. Com a Samsumg isso acabou.",5
23,"Nada demais, quase 100% em MDP, o famigerado aglomerado ou compensado. Extremamente difícil de montar, mas cai bem na sala.",3
24,Entrega rápida e produto bom. Dentro do esperado.!,5
25,Eu tenho uma excelente produto imprimir com muita qualidade custo benefício muito bom,5
26,"Gostei da impressora. Aparentemente, funciona muito bem. Imprime com grandes detalhes.",4
27,"CONEXÃO WIFI NÃO É SALVA, SENDO NECESSÁRIO A CADA VEZ QUE O EQUIPAMENTO É DESLIGADO, REFAZER CONEXÃO",3
28,"bom produto  para impressão ,boa definição de imagem",4
29,"Sempre achei a impressora epson, uma das melhores , se não a melhor do mercado. Atende a todos os requisitos primordiais e de suma importância ao uso, dando todo suporte necessário. Tem uma infraestrutura impecável, de fácil manuseio.  
Sem sombra de dúvidas, recomendaria para todos meus amigos. 
Parabéns Epson pelo excelente trabalho!",5
30,"Uma ótima impressora. Faz a sua função perfeitamente, não tive nenhum problema e é fácil de mexer. A função wi-fi funciona normalmente, da para imprimir direto do celular.",5
31,O produto é de grande importância e serventia para o meu trabalho,5
32,"Comprei esse produto em Porto Alegre. Os cartuchos acabam em segundos, não funciona direito, tenho a menos de 5 meses e só foi usada de verdade ( funcionalmente ) umas 2 vezes, já comprei vários cartuchos achando que fosse isso, mas não. Horrível, não recomendo, assim que possível irei na loja trocar. Porque ela tá louca reclamando de falta de tinta e papel sendo que tá tudo super ok dentro, o problema é de fábrica. muito barato pra ser verdade. Não recomendo pra ninguém!",1
33,"Atendeu bem as minhas necessidades, super recomendo",5
34,"Gostei do produto.
Era aquilo que eu esperava.
Bom funcionamento",5
35,"Chegou antes do prazo , e o produto e ótimo rápido e bem prático!",5
36,"Produto maravilhoso, fácil de usar e de uma ótima qualidade.",5
37,"Supriu minhas necessidades, única desvantagem é que não permite bulk ink, de resto, excelente aparelho",4
38,"Recomendo, a impressora pra uso pessoal é ótima em relação custo benefício melhor ainda.",4
39,"Ótima impressora, fácil instalação, cartucho de teste com pouca tinta fora isso recomendo, impressão excelente e fácil manuseio",5
40,"Ótimo produto , atendeu minhas necessidades , e superou minhas expectativas. Recomendo.",5
41,Foi entregue antes do prazo muito boa a impressão.,4
42,"Até agora estou adorando ela,tá tudo normal.
A instalação foi um pouco difícil mais consegui,Recomendo.",5
43,"Eu amei e super recomendo,evolução ótima,mais do que eu esperava",5
44,Excelente. Entregaram em casa e antes do prazo previsto.,5
45,O produto está me atendendo muito bem. Gostei muito e recomendo,5
46,"Chegou em ótimo estado,e faz tudo que falar na descrição dela amei o produto,recomendo Concerteza!",5
47,"A Magazine é Ótima, mas essa impressora é dinheiro jogado no lixo. Vc gasta muito comprando cartuchos que fazem pouca impressões. Sai muito melhor vc fazer um esforço pra comprar uma com tanque de tinta.",1
48,O produto poszui wifi e isso ficou ótimo pra trabalhar com ela,5
49,"Faz uma semana que comprei simplesmente não funciona, meu Deus 
os cartuchos praticamente vazios",2
50,A impressora é tudo aquilo q o site indicou amei. E chegou no praso,5
51,"Impressora com preço ótimo, econômica  , pequena do jeitinho que eu queria ,instalação super fácil. Estou amando chegou muito rápido. Magazine Luiza estão de parabéns.",5
52,"ruim ,sem tinta e não funciona se estiver faltando algum cartucho",1
53,Bom produto. Para uso doméstico é satisfatório. Embora muito barulhenta e um pouco lenta na impressão via Wi-Fi.,4
54,"Bom,eu estou muito satisfeito com o produto adquirido até agora.",4
55,"Produto não cumpre sua função principal, que deveria ser imprimir. Menos de uma semana de uso, após apenas 5 impressões de texto, o cartucho preto ja pifou. Se quiser dor de cabeça e despesa, pode pode comprar sem medo!",1
56,"Só  compensa se o seu volume de impressão for algumas impressões na semana, uma cópia de um documento ali, um escaneamento ali... pois a autonomia de tinha dos cartuchos é muito peguena, mesmo comprando os de alto rendimento. Assim como toda impressora que usa cartucho, você tem que usar no mínimo 3 vezes na semana, senão entope os cartuchos, aí é tentar desentupir ou comprar outro. A qualidade da impressão não é boa, as letras parecem meio apagada, desforme, mesmo no modo alta qualidade , por exemplo, os  códigos de Barra de um boleto impresso por ela muito dificilmente dá para se lido pelas máquinas, acho que é devido à tinta da epson que penetra no interior do papel, e é bem resistente a água, nao borra. Não imprime se um dos cartuchos estiver vazios, e só os encontros a custo bom no Magazine Luiza, até que faz frete grátis no app. Estou com ela há 2 anos e meio e não apresentou problemas.",3
57,"Estou super chateda com esse produto, apos 9 dias em casa ele simplismente não liga mais, sendo que so foram feitas 3 impressões.",1
58,"Parou de funcionar com 10 minutos de uso. Não houve mau uso, ela estava bem instalada a energia estava boa, porém ela desligou sozinha e não ligou mais.",1
59,comprei ela no sábado e hoje é  quarta feira. Parou de funcionar do nada.,1
60,"Esta atendendo a expectativa, espero que continue assim.",5
61,"O produto é ótimo, sendo que eu não estava ciente que o mesmo vinha com um cartucho que serviu só pra teste!",3
62,"Esta impressora ´ótima, compacta, e muito eficiente.",4
63,Excelente imprssora. Custo beneficio muito bom! Recomendo.,4
64,"A XP-241 é uma impressora péssima. Muito embora imprima com qualidade, os cartuchos são difíceis de encontrar, não imprime o numero de página que diz imprimir, os cartuchos são caros. Me senti lesado, pois a Epson colocou um produto no mercado, em que o consumidor sofra para encontrar acessórios necessários e com preços acessível, uma vez que imprimem muito pouco, mesmo sendo numa qualidade baixa de impressão, ou rascunho. Não vale a pena!!!",1
65,"Ótimo produto, cumpre o que promete, custo beneficio otimo",5
66,Foi fácil utilização. Boa qualidade! Entrega rápida.,4
67,"Ótima!
Só não conseguir instalar o Wi-Fi ainda!
Boa recomendo",4
68,"O produto possui recursos que preciso, recomendado!!!",5
69,"Impressora de ótima definição, mas a cor magenta (vermelho) poderia ser mais forte. Outro fator importante que a loja não menciona, é ser importada (na minha compra da Malásia) o que torna quase impossível usar cartuchos compatíveis de capacidade maior em ml, do resto a Magazine Luisa está de parabéns.",4
70,"Produto vem apresentando boa qualidade, cumprindo o seu dever, bom custo beneficio",4
71,"Vai ser a primeira vez que compro este produto,mas foi muito bem recomendado.",5
72,imprime rapido e tem uma conectividade com computador e celular bem legal,5
73,"Ótimo produto, fácil instalação, valeu apena.recomendo a todos, entrega super rápida.",5
74,"A impressora é eficiente e funciona exatamente da forma descrita nas informações. Algumas observações para quem deseja comprar: ela só funciona com cartuchos originais da Epson e não possui sistema para  recarregar a tinta do cartucho, ou seja, é necessário cartuchos novos sempre que a tinta acaba, em relação a  instalação da impressora é feita por cd então complica um pouco para quem não possui entrada. Mas funciona perfeitamente, no meu caso estou gostando bastante!",4
75,"Se um cartucho secar não imprime sequer o preto, ainda não consegui usar o wi fi, as tintas acabam logo, mau imprime 20 folhas. Tô arrasada!",1
76,A impressora atende minhas necessidades no momento,5
77,Entrega no prazo e produto funcionando. Custo benefício muito bom.,5
78,"No geral, a impressora vale muito o valor investido. A impressão é de boa qualidade.",5
79,comprei a impressora imprimir 2 folhas a tinta q veio acabou. o cartucho n é recarregavel e custa caro cada um deles.,1
80,Bom produto com ótimo custo benefício boa qualidade de impressão e fácil instalação.,4
81,"Ótima impressora, realmente cumpre as obrigações estabelecidas!",4
82,O produto veio em perfeitas condições ... Superou minhas expectativas,5
83,"O produto e otimo! Mais não é o q eu queria.
Ela é a cartucho não vai trazer uma boa econômica para mim",2
84,"Bom, muito bom
Exelente aparelho,
Ótimo desempenho",5
85,"nota 1000 quem conhece ja sabe que e boa epson e uma das melhores ,estarei comprando outra ainda",5
86,"Achei tudo muito rápido,comprei chegou em menos de uma semana, fácil instalação,tudo em perfeito estado, só Achei que deveria ter uma proteção na frente na saída do papel,ainda só não sei se vou me arrepender de não ter reparado de ser cartuchos,falta de atenção minha.... só me arrependo disso..",4
87,"Muito boa, de fácil instalação e impressão de ótima qualidade.",5
88,Ótima impressão cumpre o que promete atendeu minhas expectativas nota dez,5
89,"Adorei ela pq ela tem wi-fi,imprime em boa qualidade,não tenho nada a reclamar",5
90,"Produto de qualidade com ótimo custo beneficio.
.
.
.",5
91,"Impressora eficaz, impressão em ótima qualidade. Muito prática a instalação e excelente o recurso wifi, facilitou muito minha vida. Entrega no prazo, estou muito satisfeira. Recomendei e minha mãe comprou uma igual na semana seguinte :) Obrigada!",5
92,"Atendeu  minhas expectativas, chegou antes do prazo a configuração para conectar o wifi e fácil e rápida!!! muito bom",5
93,"Muito bom desempenho, ótima impressão, está realmente me ajudando muito no dia a dia.",5
94,"O produto é muito funcional, excelente acabamento e muito prático.",5
95,"a impressora é de boa qualidade das impressões são muito boas mas quando acaba os cartuchos custa a metade da impressora nova se você tiver que comprar as quatro cores ao mesmo tempo, por isso não recomendo essa impressora  pra quem faz varias copias no mês .",3
96,"Cartucho grande com pouca tinta. Não vale a pena. Li que a cada vez que é ligada, a impressora gasta muita tinta com a limpeza da cabeça de impressão. Resumo:  Você vai gastar muito com compra de cartucho.  Melhor comprar uma impressora tanque de tinta.",2
97,Atendeu plenamente minha necessidade. Tudo dentro do esperado.Recomendo,5
98,Atendeu com as minhas demandas e tem um ótimo desempenho,5
99,"oi, o produto veio em tempo . intacto, limpo , bem embalado, nota fiscal, componentes, e está funcionando bem; espero que algumas dessas características sejam preservadas por um longo tempo, assim seja!",4
100,"Apesar de se um pouco complicada para ser instalada via wireless, depois que vi um vídeo explicando, passei menos de 10 minutos para instalar e começar a usar a impressora.",5
101,"A entrega foi super rápida além de ter chegado em perfeitas condições, a instalação foi bem tranquila e prática, a impressora é de ótima qualidade.",5
102,"A impressora é ótima, de fácil instalação e de ótimo qualidade, recomendo muuuito!!",5
103,Um excelente produto com uma impressão de  ótima qualidade,5
104,"facil de conectar, produto muito bom entregou rápido",5
105,"perdi meu dinheiro , pois não recomendo ninguem comprar, pra encher os cartucho é muito caro não reconpensa .",1
106,Adorei já comprei pra mim e e outra depois para minha irmã!,5
107,"Estou só a Qutro dia com ela por enquanto nao tenho o que reclamar ,excelente qualidade de impressão so um pouco barulhenta..
Sobre a Lojas Magazine so elogio compra e entrega super rápida...",4
108,"Cartucho de 4 ML esgota muito rápido principalmente o preto. estou arrependido de ter comprado, só uso para imprimir boletos de vez em quando. Absurdo!!!",3
109,"Produto muito bom, fácil de montar e instalar e muito prático. Atendendo bem as expectativas.",5
110,"muito boa, a qualidade da impressão é maravilhosa. o designer é incrível,   é um ótimo custo benefício, leve, e ocupa pouco espaço.",5
111,Imprimiu 10 folhas e a tinta acabou. Péssimo custo benefício.,1
112,Recomendo este produto. Muito bom. Boa qualidade de impressão.,5
113,no anúncio deveria dizer que ela é de cartucho e não é carregado como no meu caso é os mesmo só para tirar xerox não vejo tão problema mas deveria ter mais no anúncio do produto,3
114,"os cartuchos que vieram inclusos não duram muito, o preto não deu pra imprimir nem 50 folhas , no mais tudo ok",4
115,"Boa impressora, porém comprei para desbloquear e usar com bulk, pois comprar cartuchos de tinta se torna muito caro.",4
116,"Atende plenamente as expectativas, de acordo com o descritivo do produto.",5
117,"Produto bonito de boa qualidade,porem muito difícil de instalar o wi-fi.",4
118,"Produto com qualidade de impressão, scanner e cópias excelente.",5
119,"Produto bom, porém falta mais informações sobre configurações wifi entre outras.",4
120,"A IMPRESSORA E DE QUALIDADE, ENTRETANTO OS CARTUCHOS SAO DE PRECO SALGADO E POUCA AUTONOMIA( IMPRIMEM EM TORNO DE 100 FOLHAS).",2
121,"Essa impressora é muito boa, compacta, bonita e super fácil de usar, e super econômica.",5
122,"Utilizo pouco, mas tem atendido minhas necessidades, em uma semana...",5
123,"Comprei cartuchos originais, não adiantou, não é recarregável, já pensou comprar a cada 20 cópias um cartucho, pois é isto que dura a tinha, agora tenho q tentar carregar na gambiarra, tirando do YouTube. vou comprar as tintas e tentar..",3
124,"comprei a impressora na terceira vez de uso seu problema e liguei pra lá e eles não querem fazer a troca. Sempre comprei as coisas aqui, mas nunca mais compro nada.",1
125,"Muito boa, gostei, chegou super rápido, super recomendo!",5
126,"muito bom produto excelente fácil de estalar, perfeita muito boa recomendo,a entrega muito rápida",5
127,"É um bom produto, porém pode parece bem ''Frágil'' com material de pouca resistência.  entretanto atende bem as demandas, e é bem fácil de instalar. Os cartuchos são bem baratos, e o wi fi com o celular funciona muito bem.",4
128,eu recomendo. e ainda chegou antes da data prevista,5
129,"A impressora tem um ótimo custo/benefício, no entanto, veio com um probleminha e tive de levar na assistência autorizada que encaminhou tudo e me atendeu totalmente grátis pela garantia do fabricante. O lado positivo é que a EPSON tem assistência autorizada em várias cidades, mas, se não houvesse na minha cidade poderia ser um grande transtorno.",4
130,"Dentro a proposta do produto que é atender um uso domiciliar, a impressora Epson XP-241 tem atendido minha necessidade. Com seu sistema WI-FI, ela facilita a impressão de documentos e permite agilidade e mobillidade para quem quiser usar a impressora que esteja no domicilio.",5
131,"A impressora é ótima em todos os aspectos, exceto em um detalhe, os cartuchos. Para você que imprime pouco, mas pouco mesmo, ela servirá. Comprei sem saber do drama, caso queiram adquirir o produto, compre junto com os cartuchos para trocar logo, pq não são econômicos e nem recarregáveis.",1
132,"Muito bom, só tive dificuldades para fazer a instalação, pois é um pouco confuso. Mas a melhor coisa é instalar através do PC solicitando para usar a impressora de modo sem fio, depois fica fácil imprimir do celular através do aplicativo para IOS.",4
133,"Cartuchos não tem tanta durabilidade, mesmo assim o produto é bom.",4
134,"excelente produto, muito bom, prarica, simples e eficiente",5
135,"muito boa e fácil de usar
quaçidade excelente naimpressão colorida e preto também",5
136,funciona como o previsto......................................................................................................................................................,5
137,"eu recebi a minha adorei ...ela é linda veio completa instalei com muita tranquilidade,a impressorão é excelente, super recomendo",5
138,"Os cartuchos não são rerregáveis,quando acaba tinta de um único cartucho, ela não imprime mesmo que os outros cartuchos estejam com tinta.. E os cartuchos são caros..o custo acaba saindo muito caro..",2
139,"Cedo para falar mas parece um bom produto, tive outra da mesma marca que durou bastante, essa é mais silenciosa",4
140,Rapidez na entrega e produto maravilhoso e econômico,5
141,"A impressão de fotos não é excelente porém é boa, a impressão tbm é boa.",4
142,"Excelente produto, atendeu todas as minhas expectativas.",5
143,"Ótima impressora adoro essa marca a melhor que tem, só acho que deveria poder imprimir mesmo que um dos cartuchos coloridos estivessem sem tinta, no caso só funciona se estiverem todos cheios, fora isso muito bom.",4
144,"Produto muito bom, aténdeu as minhas espequitativa",5
145,"Fácil instalação, leve, compacta, enfim, atende perfeitamente dentro do proposto. Só não classifiquei com 5 estrelas pq os cartuchos são pequenos.",4
146,"Impressora bonita, compacta e multifuncional! Ótima relação de custo-benefício. Recomendo o produto!",4
147,Comprei há um mês. A entrega foi super rápida. Produto excelente e compacto.,5
148,"Não consegui configurar a impressora com o wi-fi de forma alguma, para imprimir tenho que utilizar o cabo. O manual é muito pobre de informações e explicações. 
O restante até este momento supriu minhas necessidades.",3
149,"Produto muito bom, rápido e eficaz. E de fácil instalação.",4
150,"rápido, confiável, veio corretamente e com muita rapidez",5
151,"A qualidade da impressão é maravilhosa,são cores bem vivas. Ela é Ótima para quem não precisa imprimir em grandes volumes.Acabei de comprar então n tenho o que reclamar.",5
152,"design muito bonito, fácil de instalar, muita praticidade e economia na manipulação de cartuchos de tinta por serem individuais.
Deixa um apouco a desejar na impressão modo econômico que a tinta preta fica muito fraca, e o wifi as vezes falha.",4
153,"Ela é top de linha , ótima para impressão, xérox, digitação e tem função de wi-fi que posso imprimir direto do celular",5
154,"gostei aparentemente...! a entrega foi feita antes do prazo estipulado..


gostei disso.... até então tá TD Ok, superou minhas expectativas...

show.
parabéns..


.",4
155,"Qualidade da impressão excelente. Só os cartuchos que não duram muito. Realmente um produto para uso doméstico, pra quem não precisa de imprimir muita coisa.",5
156,"Impressora muito boa vale cada centavo, estou muito satisfeito.",5
157,"produto perfeito, cumpri com o que se proponhe  ...",5
158,"Rápida, impressão perfeita, tanto o preto como a cores.",5
159,Não gostei pois a tinta acaba rápido demais. Não é econômica.,2
160,excelente impressora maravilhosa muito boa..................,5
161,Amei e oque eu esperava chega no dia certinho super recomendo,5
162,"Ótimo produto,rapidez na entrega, estão de parabéns eu simplesmente amei, só agradeço",5
163,"ela é boa mas o único problema são os cartuchos, pois estamos no período de tecnologia avançada deveria melhorar essa situação.",1
164,"A impressora atinge os meus objetivos, muito útil.",5
165,Meu produto chegou antes do prazo ainda não configurei p ver se é realmente bom,5
166,Fácil de manusear e imprimir (com solavancos). A instalação foi tranquila e tem boa  aparência.,4
167,É um produto muito bom funciona muito bem cumpre o que promete.,5
168,"Até gostei do produto, é já usei as cores para substituir o preto, mas indicaria comprar mais caro e com tanque, é  copiadora mas preferiria uma melhor, vai a dica pague pelo melhor.",4
169,Otimo produto. A única coisa q não fiquei muito satisfeita foi só a questão da quantidade de tinta q vem no cartucho e por não ser recarregavel. Mim deram 12 dias para a entrega e em menos de 48 hs o produto já estava comigo. A impressora e bem fácil de manusear pelo celular.,5
170,"Impressora wifi é tudo de bom! Com um preço assim barato, melhor ainda!!",5
171,produto excelente! podem comprar sem medo. ótimo custo x benefício,5
172,"Comprei achando que pela marca seria otimo trabalhar com essa impressora. Lasqueime o Cartucho não e recarregável tem que ser comprado e dura muito pouco.gostaria de não dar nem uma estrela, mas to vendo que e obrigada.",1
173,Atendeu tudo que queria chegou muito antes do prazo pode compra sem medo.,5
174,"A impressora é muito boa, impressão excelente, silenciosa, rápida a instalação. Excelente custo benefício.",5
175,"Ate Agora a impressora está sendo bem útil, a qualidade é excelente  e para imprimir é bem rápida. Na Minha opinião a tinta não acaba rápido e mesmo assim tem um bom custo beneficio ""Depende do uso"" como eu utilizo pouco a tinta dura muito.",5
176,exelente com ótima qualidade que supera outras...quem gosta de qualidade sempre vai optar por a epson,4
177,"Ótima Multifuncional, econômica, cartuchos com mais quantidade de tinta e mais barato do que a marca concorrente e impressão de copias muito boa.",5
178,"comprei  e vei sem tintas os cartuchos, e é super caro pra recarregar aqui em minha cidade ,o mais tudo ok",3
179,"Produto excelente, boa nitidez nas imagens, eficaz, um pouco lenta em impressões complexas.",5
180,"É  um produto de otima qualidade, estou satisfeito com a compra.",5
181,"A compra foi feita há 1 mês, mas esperei a impressora começar a pedir para repor o cartucho para poder avaliar e eu estou bem satisfeita com o produto, pois eu utilizo muito a impressão colorida, já utilizei para fazer scanner também e pela quantidade de trabalhos que eu tenho para imprimir, a durabilidade da tinta está ótima.",5
182,"Excelente Impressora pra uso pessoal, a qualidade da impressão é muita boa, a instalação é super fácil, o que deixa a desejar são as quantidades de tintas nos cartuchos, mais como falei pra quem faz pouca cópias é um excelente equipamentos, recomendo a todos...",5
183,"Para aquilo que eu preciso essa impressora 
 me atende, o produto está dentro  daquilo que eu esperava dele. Recomendo.,",4
184,Simplicidade e  facilidade. Simplicidade para instalar e configurar e facilidade para imprimir de qualquer dispositivo. Perfeito para uso domestico.,4
185,Impressão rápida e de boa qualidade! Ótimo custo beneficio para uso domestico.,4
186,Entrega super rápida e dentro do prazo de 2 dias q me deram.amei a impressora e recomendo.essa é uma empresa q respeita o consumidor no pós compra.parabens!!!,5
187,"Escaneia muito bem, imprime muito bem, só tem cartuchos muito pequenos e com pouca tinta pelo que vi nos reviews, ainda não usei muito, mas é de ótima qualidade.

A melhor no custo-benefício no segmento wifi.",5
188,sobre o custo benefício? é altíssimo o cartucho acaba rápido. E sai  várias folhas em branco ao mesmo tempo na hora de imprimir,1
189,Cartuchos caros como as demais impressoras.No resto parece ser satisfatória.,4
190,"Então das impressoras domésticas muito boa, essa é a terceira 241 Epson que tenho duas no escritório e uma na residência,tem cara de profissional,logo vou colocar um quite de tinta externo.",4
191,"Muito bom, vale a pena pelo custo-benefício. Bem prática e compacta.",4
192,Impressora com um excelente custo benefício. Atende perfeitamente para as minhas tarefas do dia a dia.,4
193,Epson impressora multifuncionais ela promete mais autonomia e mais rendimento de tinta e capacidade de imprimir milhares de documentos em uma única abastecimento.,5
194,"Entrega em menos de 24horas da compra, impressora super pratica, recomendo",5
195,"Boa qualidade de impressão, cópia fácil, cartuchos individuais. O painel é simples demais. Faltam opções de configuração.  O Wi-Fi é um pouco chato de configurar, mas depois funciona certinho. No geral é um vim produto. Recomendo. 
Ps. Como toda impressora de cabeça fixa, não fique muito tempo sem imprimir (colorido também), porque pode entupir.",4
196,"Até agora não tenho o que reclamar, fiz a impressão para teste e gostei os demais não testei ainda.",4
197,"Impressão de ótima qualidade, super útil, além de completa.",5
198,"Muito bom o produto e o atendimento do suporte da Epson, quando solicitei informações complementares quanto compatibilidade de versões, foi muito prestativo.",5
199,"Porém, a tinta dos cartuchos acabam rapidamente e sua troca com produtos originais se torna inviável.",2
200,"Ótimo produto super recomendo,além do custo benefício gostamos muito dessa marca.",5
201,"Multifuncional eficiente. Entendo como vantagem das impressoras Epson a independência dos cartuchos coloridos, permitindo troca por cor.",5
202,Excelente produto era o que eu procurava e resolveu o meu problema.,5
203,"O produto correspondeu às minhas expectativas, excelente custo benefício...para atividades do dia dia, muito bom",5
204,"Muito bonito o design da impressora, a parte de configuração do Wi-Fi deveria ser mais fácil, tive uma certa dificuldade, mas no geral é excelente!!",4
205,Otima pra quem esta procurando uma multifuncional de qualidade e custo beneficio,5
206,Atende perfeitamente todas as necessidades de uma impressora caseira e que pode se transformar em impressora de rede. Das poucas que se consegue fazer a conexão WiFi de forma imediata com o smartphone e o notebook.,5
207,"Produto muito bom. Sistema sofisticado e claro,com qualidade de impressão muito boa.",5
208,Produto muito bom e fácil de instalar a impressão é muito boa fácil de usar sem nenhum mistério.,5
209,"Manual deveria estar especificando melhor como ligar o wi-fi, só consegui ligar assistindo vídeos no YouTube.",4
210,Cumpre o prometido... porém bem complicada para a instalação do wi foi,3
211,"O produto chegou como esperado e deu tudo certo, era isso que eu precisava",5
212,"A impressora veio com defeito, ficava constantemente acusando papel agarrado, antes mesmo de eu chegar a usar. Já solicitei a troca e retornei o produto, mas ainda estou aguardando um novo.",3
213,"Produto muito bom, atende as expectativas de quem quer para uso residencial, com poucas impressões.

Ficou livre para retirar na loja antes do prazo estabelecido, portanto, nada de errado.",5
214,"Até o momento, excelente qualidade em tudo, não tenho o que reclamar.",5
215,Impressora de fácil manuseio e recarga de cartucho individual!,5
216,"Apesar de ter usado pouco, ainda, estou satisfeito.
Só acho que o cartucho preto tem pouca duração.",4
217,"MUITO BOA A QUALIDADE DA TINTA, RAPIDEZ DA IMPRESSÃO E QUALIDADE NO SCANER",5
218,"Gostei Muito,mas quero comprar os cartuchos e não sei quantos são e as cores,quais são. O produto é ótimo",4
219,"Não gostei da impressora devido a mesma ser cartucho eu imprimi 20 folha e já acabou a tinta.
O preço estava bom mais devido esse motivo não gostei, tinha que informa que era de cartucho não vi nem um ponto informando que a mesma era de cartucho por isso comprei se eu tivesse visto que era de cartucho não teria comprado eu me arependir muito de ter comprado a impressora..",1
220,Produto atende minhas necessidades. Ótimo custo benefício.,5
221,"Primeiramente ressalto a rapidez em que o produto chegou em minhas mãos pela Magazine Luiza. O produto atendeu bem as minhas expectativas, utilizo para afazeres domésticos como trabalhos escolares e impressões de cópias. Pra quem quer uma impressora apenas para tarefas esporádicas como fazer a cópia de algum documento ou trabalho escolar, pode comprar sem medo. Me surpreendi muito com a conexão via wi-fi até pelo smartphone.",5
222,"Ótimo produto, custo-benefício bom, para quem quer uma impressora compacta é essa.",5
223,"Multifuncional muito boa, ótima qualidade, facil instalação, custo benefício muito bom, produto maravilhoso...",4
224,"gostei muito do produto, foi entregue bem antes da data. Era o que precisava.",5
225,"Designe bonito, fácil de usar e a qualidade tendo da impressão quanto da scanner é ótima.",5
226,"Impressão dela e muito boa,só que os cartuchos acaba muito rápido",5
227,"Muito boa vale apena,scaner facil de usar criando arquivo pdf podendo colocar varias páginas e até mandar direto pelo email ficando o aquivo leve ,copiadora podendo tirar varias cópias fora a resolução da impressão podendo até imprimir em papel fotográfico à quelas fotos que sempre tiramos da família. Está impressora e ótima e ainda é um ótimo presente para dia dos pais",5
228,É compacta e muito econômica! Pode comprar sem medo de se arrepender,5
229,Ótima impressora. E quando o assunto é a entrega da Magazine. Muito bom.,5
230,"Ótima impressora 
Designer moderno
Qualidade de top
Super recomendo",5
231,ate hoje ainda não consegui instalar o wifi  nossa que arrependimento vou fazer a ultima tentativa se não conseguir vou ter que levar para autorizada,1
232,"Funciona muito bem, wifi tudo certinho, não faz muito barulho, a qualidade é muito boa e é bem leve também o aparelho...
Porém precisa baixar app da epson pra funcionar em Iphone, e o aplicativo é uma porcari@! Não da pra selecionar as folhas que eu quero imprimir, etc... Só este defeito mesmo, se for imprimir por Iphone e for te atrapalhar isto sugiro um modelo melhor ou outra marca...
Fora isto é ótima!",4
233,"Produto ótimo, entrega super rápida e atendimento maravilhoso.",5
234,"A impressora é uma porcaria, imprime male mal umas 20 folhas, mesmo selecionando só a opção preta gasta de todos os cartuchos. Ai vc só utiliza cartuchos originais como o recomendado e toda vez que troca o cartucho é um parto pq tem que fazer alinhamento, ajuste de cabeçote, so nisso vc ja gasta um bom tanto de tinta que so de imprimir essas paginas de teste ja baixa o nível. Pior compra que fiz. Não recomendo. Comprei pq dizia que tinha ótimo custo beneficio, não tem custo beneficio na minha opinião, acabou se tornando mais cara do que de outra marca que eu tinha por anos.",1
235,"Ótimo produto, funciona muito bem, atendeu as expectativas, além de ter sido entregue antes do prazo em ótimo estado!",5
236,O software do scaner e bem rudimentar . Piorou da versão anterior para esta mas de maneira geral atende para uso doméstico e a um custo bem baixo . Bem simples de operar e instalar . A troca de cartuchos também é bem simples,3
237,"Bom no pouco que usei estou muito satisfeito com o produto, vamos ver agora voltando as aulas, pois foi pra essa finalidade que foi comprado, espero que seja maravilhosa.",3
238,"Adorei a impressora, fácil de instalar, prática no manuseio...e bem compacta, cabe em qualquer lugar, meu uso é doméstico...portanto atende as minhas expectativas.",5
239,Multifuncional de Ótima qualidade e  Magazine Luíza esta de parabéns chegou bem rápido.,5
240,"Impressora com preço acessível, suprimentos de preço justo e imprime com perfeição!",5
241,"apesar de ter -1mes de uso, pra mim esta otima. nao é silenciosa. mas ainda assim é boa. por ser cartucho indiv ta perfeita.",5
242,"impressora  com  qualidade de impressão  excelente
imprimi papel  230 gramas compacta fácil de  transportar
sem  contar  que e  bem  rapida",5
243,"Pouco tempo de uso, mas até agora cumpre com o prometido, vale o investimento!",5
244,"Impressora com qualidade, porém poderia ser menos barulhenta na impressão",4
245,"O produto é muito bom no geral. Bom custo-benefício, impressão de excelente qualidade, custos de reposição de tinta bem mais em conta que os concorrentes. Quem vem de impressoras HP leva um tempo para se acostumar com as peculiaridades das impressoras Epson, mas vai reconhecer que ela apresenta muito mais funcionalidades que a concorrência.",4
246,"A Magazine Luiza  está  de parabéns,minha impressora Epson 241 chegou na loja no prazo com todos os acessórios,cabo usb,cd,etc.Não testei ainda mas ela e do jeito que está no anúncio.Em breve farei novas compras.So não  dou 5 estrelas porquê ainda não  testei por falta de tempo mesmo.",4
247,Não gostei do produto pois a tinta acabou rápido demais e não funciona sem a tinta preta. Não recomendo.,1
248,rápido na entrega e fiquei muito satisfeita com o produto. Ótima qualidade,5
249,ótimo produto parabens magazine luiza fui muito  bem atendido e a entrega foi bem rapida recomendo a todos...,5
250,Muito bom! Retirei na loja sem muitos problemas! Há e os cartuchos são enconta!,3
251,"Eu não gostei, é opinião pessoal!o custo benefício sai muito caro pra carregar a máquina. Os cartuchos não são reutilizáveis!",1
252,"Preço acessível e de boa qualidade, além de uma entrega super rápida.",4
253,"Gostei muito da impressora, custo-benefício excelente, não ocupa muito espaço e ao contrário do que falam é muito silenciosa no momento da impressão.",5
254,"Produto muito bom, impressora com ótimo custo benefício! Ótimo atendimento!!",5
255,"A impressão é ótima! MAS o cd de instalação não funcionou e achei complicado o negócio de impressão por Wi-Fi. Ele reconhece é só imprime se a internet do roteador que foi configurado estiver funcionando... caso contrário deve desinstalar e instalar novamente configurando outro roteador! Não entendi nada. E a impressora não vem com o cabo USB. Mas Claro, a impressão é perfeita!! Só é preciso um pouco de paciência p ler e entender o que é preciso ser feito.",3
256,"Vale muito a pena, a impressão é muito boa, tamanho ideal, para quem precisa para uso doméstico, faz um bom negócio comprá-la.",5
257,Muito bom ..ótimo adorei o produto ..está sendo muito útil na minha casa .,4
258,"Durante a instalação, todos os métodos possíveis para acessar a impressora pelo wifi falharam. Só funciona por cabo. Tentei 2 roteadores diferentes, dois computadores diferentes e ambos os métodos de reconhecimento (automático e manual). Nada funcionou. Podia ter comprado um modelo mais barato, mas escolhi esse por ter wifi. Joguei dinheiro fora.",2
259,"Ótima impressora, fácil instalação, a entrega foi super rápida, parabéns ao Magazine Luiza.",5
260,"É um ótimo produto, muito bonita é o que eu esperava, ainda ta em teste mais to satisfeito, a entrega foi super rápida!",5
261,"Super indico , impressora muito boa e fácil de usar",5
262,"Produto com um bom custo benefício, design compacto, valor de reposição de cartucho de tinta com preço moderados...",5
263,"A qualidade de impressão é muito boa, a velocidade não é das maiores, porem pra uso doméstico, no meu caso que imprimo 10, 15 paginas por semana isso não nenhum problema. o design dela tbm é lindo, apenas não testei o wi-fi dela ainda, mas por falta de tempo mesmo, recomendo pelo ótimo custo-benefício!!",5
264,Amei. Muito fácil de manuseio e impressão perfeita,5
265,Eu endico mt boa mesmo vc q compra não vai se arrepender pq ela é mt rapida e fazio de manusear,5
266,muito boa imprime muito bem. o problema é que os cartuchos originais sao bem caros mais rende  bastante.,5
267,a impressora é. boa mais os cartuchos não. são recarregáveis então. o custo fica alto.,2
268,"PRODUTO DE BOA QUALIDADE, CUMPRE O QUE PROMETE, ÓTIO CUSTO/BENEFÍCIO, CARTUCHOS BARATOS EM RELAÇÃO A OUTRAS MARCAS, FÁCIL INSTALAÇÃO E CONFIGURAÇÃO. ESTOU SATISFEITO COM O PRODUTO.",5
269,"impressora muito boa, atendeu minha expectativa. Entrega dentro do prazo.",5
270,Entregue dentro do prazo e atendendo minhas espectativas. Mas ainda em fase de teste,5
271,Veio.        conforme.      o anúncio.      Eu        recomendo.,5
272,"Impressora apresenta um detalhe que é falta de mais informação para acessar o wife, ou seja, até o momento instalei tudo e ela funciona direitinho direto via cabo, porém adquiri justo por ela ter essa possibilidade de acessar a rede Wifi,infelizmente essa configuração tá complicadíssima e até o momento em duas semana que comprei,  ainda não conseguir configurar, tá bem difícil ter que mudar ela de posição todas as vezes que preciso imprimir por conta do cabo.",3
273,Super rápida e atende as expectativas para uso doméstico. Estou gostando.,5
274,"Produto ótimo, de fácil manuseio amei só achei que era bisnaga de tinta me enganei mais não tem problema",4
275,"Comprei e não me arrependi.
Ótima qualidade. 
Recomendo",5
276,"Produto excelente e ótimo atendimento também. Optei pela retirada na loja e foi tudo muito rápido, chegou na loja em 2 dias após o pagamento. Parabéns Magazine Luiza.",5
277,Bom aparelho. Entrega o que promete. Sem detalhes ou reticências...............,4
278,"Apesar da velocidade ser um pouco lenta, uma impressora boa com uma otima resolução, e o melhor de tudo é wifi",4
279,"estou usando ainda , então não tenho uma noção dos cartuchos , mais sei que são baratos , e a impressora e muito boa , scanner , tudo !!!",5
280,Estou com problema em relação ao Wi-Fi n está pegando. Já fiz de tudo e n funciona. As demais funções até o momento está fazendo seu papel na impressão.,2
281,"Amei é fácil de mexer e baixo custo benefício!!!
Entrega antes do prazo.",5
282,"Ótima impressora, atende todos os requisitos!! Adorei",5
283,"Ótimo embora deixa a desejar em relação aos cartuchos que não são duráveis,fazendo com que seja substituído rapidamente pois não imprime logo que esvazio um. Mais é um ótimo produto.",4
284,Produto de ótima qualidade superou a expectativa. bom produto podem comprar,5
285,"Atendeu todas minhas espectativas, exatamente o que eu esperava",5
286,Excelente impressora com bom custo x benefício. Recomendo,5
287,A multifuncional eh ótima porém a tinta não rende muitas impressões e não eh reutilizável os cartuchos espero que melhorem.,4
288,Fácil instalação e uso. Prático. Cartuchos mais baratos mesmo.,5
289,"muito boa, a qualidade é otima e o custo beneficio melhor ainda",5
290,Atendeu as minhas expectativas. Possui um custo benefício e impressão de qualidade.,5
291,Um produto impecável e a durabilidade da tinha e m boa e faz ótimo digitalização,5
292,"Ótimo desempenho, uma enorme viabilidade, e um grande equilíbrio em termos de custo x benefício.",5
293,"Gostei muito do produto,atendeu as minhas expectativas.",3
294,"Comprei a impressora no dia 30/03 e busquei na loja dia 05/04, muito rápido, a caixa estava lacrada e veio com todos os componentes bem embalados. Instalei os cartuchos e configurei rápido, através do site da Epson,pois o leitor de cd/dvd do meu notebook não está muito bom. Só deu um pouco de trabalho pra configurar a impressão por wi-fi , foi demorado,pq testei com cabo usb primeiro, mas após configurar imprimi pelo not, pelo smartphone e pelo tablet e foi perfeito. Consegui imprimir perfeitamente em A4, adesivo acrílico e papel 40k. Atendeu minhas expectativas, a Epson está de parabéns!",5
295,Uma empresora que a pessoa sempre tem que está comprando os cartuchos.,2
296,"A impressão e muito boa, mais os cartuchos não dura nada além de ser muito caro.",3
297,"Gostei dela, embora pareça um tanto frágil. Mas só o tempo dirá. Recomendo.",4
298,"A qualidade do produto é boa, como de hábito.
Recebi a impressora e foi fácil fazer a instalação. Fiz a impressão de teste conforme recomendado no manual e até aí, estava satisfeito. Quando fui fazer a minha primeira impressão ""de verdade"" (o voucher de uma passagem para minha esposa), os cartuchos já estavam sem tinta. Deveria durar ao menos algumas impressões, ou incluir no pacote inicial um jogo de cartuchos de verdade, porque os que vieram eram fake (só para configuração, segundo o manual). Assim o custo-benefício foi por água a baixo (fora o aborrecimento de não poder usar o que comprei). Decepcionante.",1
299,"Ótimo custo benefício. Produto com estrutura delicada, mas nada que atrapalhe o desempenho.",5
300,"Impressão rápida,fácil de mecher,e bonita!Gostei bastante.",5
301,"A melhor marca de impressoras. Já usei utras marcas, mas Epson é a melhor.",5
302,fiz uma excelente compra cumpriu as minhas expectativas entrega amtes do prazo,5
303,"Impressora compacta atende perfeitamente, demora um pouco para responder quando mando impressão, mas no geral é muito boa.",5
304,"Muito bom equipamento, rápida, ótima impressão,sistema Wifi muito bom,fiz um excelente negocio, indico a todos que desejam fazer uma compra garantida!",5
305,"Produto de qualidade, para quem necessita de um produto para serviços caseiros, ótimo custo/benefício, de fácil manuseio e instalação fácil.",5
306,Produto excelente. Tudo o que é Epson tem qualidade.,5
307,"excelente produto, e o sistema de compra e retira na loja além de baratear o produto, facilita na entrega já que os correios estão apresentando péssimo serviço",5
308,Tive alguns problemas na hora da instalação mas agora já está tudo sobre controle. Ela é uma impressora muito boa.,4
309,"Ainda não usei a ponto de ter uma opinião concisa sobre, entretanto sobre a instalação, achei um pouco complicado fazer a conexão wi-fi apenas pelo botão wps, alguns roteadores os botões são virtais como o meu, deu um pouco de trabalho, no mais por enquanto recomendo.",4
310,Produto de excelente qualidade. Impressão satisfatória.,5
311,"Fáscio de usar 
Só podia ter cartuchos recarregáveis",5
312,"Excelente produto,entrega super rápida.Muito fácil instalação.",4
313,"com pouco uso e pouco tempo de uso e parou de imprimir, sigo os passos da atualização e nada acontece. Não compre epson",1
314,Impressora com boa qualidade de impressão e economia de tinta.,5
315,"Achei o material um pouco frágil, como tudo que é fabricado atualmente, mas estou gostando bastante, está funcionando direitinho.",4
316,"Sem dificuldades de instalação, prática e de fácil utilização. Como não tenho muita demanda de impressão, atende as necessidades  e expectativas.",5
317,Muito bom para se ter em casa quando não é necessário imprimir grandes volumes,5
318,"Apesar do cartucho ser muito ""barato"" acaba saindo bem caro pela pouca quantidade de tinta que há nele. Principalmente quando tenta imprimir pelo celular, a impressora se recusa a imprimir quando algum cartucho de tinta está baixo, mesmo que a cor não seja utilizada na impressão.",1
319,"Compacta, compatível com o meu perfil pois não imprimo grandes quantidades. Qualidade de impressão excelente. De todas as marcas que tive, a Epson é a melhor!",5
320,"A instalação com usb e wifi junto foi um pouco complicada, não tem muitas informações sobre a instalação wifi. Mas deu tudo certo (após consultar o suporte epson). Achei o material plástico um pouco frágil, não tão robusta quanto as antigas epson. Acesso aos cartucho é fácil, scanner muito bom.",4
321,"Impressora perfeita para meu uso. Prática por ser Wi-Fi (tive dificuldades de configurar, mas resolvi tudo na atendimento a clientes da Epson, muito bom tbm), ótima qualidade de impressão, tem um aspecto robusto e que aguenta o trabalho. Gostei muito. A entrega também foi super tranquila e rápida.",5
322,"PARA MINHA UTILIZAÇÃO FOI PERFEITA, COMO RESIDENCIAL E PARA MINHA MICRO EMPRESA.",5
323,Unica falha é falta de painel digital o que é substituido por botões coloridos.,4
324,Produto chegou em perfeita condição e funciona corretamente. Muito bom.,5
325,"Por enquanto estou gostando da qualidade de impressão, da opção de enviar por e-mail.",5
326,"Fácil instalar.
Vem com todos os cabos necessários e cartuchos de tinta.    
Não gostei da cor, poderia ser cinza ou outra cor mais clara.",5
327,"impressora muito boa.. imprimi bem no colorido.. WI-FI funciona muito bem, consigo imprimir pelo celular e tablet só tem que baixar o app Epson iprint. muito satisfeito... recebido no prazo combinado.",5
328,"O produto é bom , atende às necessidades domésticas.Entrega super rápida! Detalhe: eu estava viajando e, na cidade de Monte Carmelo/MG, me lembrei que precisava de uma multifuncional.Fui em outras lojas e não gostei do atendimento.Entrei no Magazine Luiza e fui atendido super rápido e com muita eficiência e cortesia pela atendente. Atendimento nota 100!",4
329,"Ponto positivo para design e tamanho. Achei o produto um pouco frágil, porém, e a instalação foi bem chatinha (deu erro várias vezes).",3
330,Só funciona se todos os cartuchos estiver com tinta.,1
331,"Produto espetácular...
Super cumpriu minhas espectativas..",5
332,"bom gostei da impressora por estar com ótimo preço e beneficio cartucho são de excelente qualidade.
custa muito barato para quem quer ter uma impressora e scaner de alta definição, para uso domestico eu indico.",5
333,O produto é excelente e muita qualidade. Entrega rápida.,5
334,Ótimo produto!  Super recomendo!  Entrega dentro do prazo !,5
335,"Dentro das expectativas, excelente impressão,  a impressão wifi funciona mto bem enviando tb de outros comodos da casa. Estou bem sarisfeita.",5
336,"Ótimo produto, estou muito satisfeita e qualidade da imagem é muito boa. Entrega perfeita dentro do prazo.",5
337,"Multifuncional rápida, silenciosa e de fácil utilização. Única ressalva é quanto aos cartuchos que precisam ter alguma tinta em todos para que ela possa imprimir.",4
338,"Gostei muito da impressora Epson XP-241, recomendo.",5
339,"Muito boa. Configura o acesso via wifi facilmente, impressão caseira muito boa, além de ser super compacta. Nada a reclamar.
Quanto a entrega, sem problemas. Totalmente dentro do prazo.",5
340,"A impressora é Boa, para quem imprime poucas vezes. Agora se você faz várias impressões ao dia sugiro outro modelo da marca, pois com essa o cartucho imprime no máximo 100 folhas.",4
341,"Love it!! Até agora, tudo perfeito!! Só um pouco trabalhoso para conectar Wi-Fi na impressora, mas consegui depois de paciência e tentativas",5
342,"Adorei,a impressora é ótima,recomendo estou satisfeita.",5
343,O produto atende às expectativas para um uso particular.,3
344,"Otimo produto, impressora facil de manucear, os cartuchos sao baratos ,é o preco dela cabo no orsamento.",5
345,O produto funciona conforme o prometido muito bom o produto,5
346,"Fácil configuração para o Wi-Fi pelo botão WPS e a qualidade de impressão muito boa. Tive problema com a 1a impressora que veio com defeito, mas foi solucionado ao solicitar a troca.",5
347,"Ideal para uso doméstico, com boa qualidade de impressão e com alguns recursos extras de uma multifuncional. O Wi-Fi é um adicional interessante, e traz a praticidade da impressão a partir de outros dispositivos como smartphone e tablet.",5
348,"Muito boa impressora. Atende o que propõe, tem uma resolução media boa.",5
349,Melhor custo de impressão neste tipo de impressora.,4
350,"Tem bom custo-benefício, boa qualidade de impressão, cartuchos mais baratos. É fácil o manuseio. Cabe em qualquer espaço.Maravilhoso para uso doméstico.",4
351,A impressora atende aos usos domésticos e é fácil de instalar.,5
352,Pessimo produto. Depois de uma semana com  defeito,1
353,"Supre minha necessidade, pois uso basicamente para imprimir trabalhos de faculdade e comprovante bancário, não é tão rápida na hora da impressão, mas também não é aquela tartaruga, somente a impressão colorida deixa um pouco a desejar, pois aprensentou uma qualidade abaixo do esperado, ja a digitalização é muito boa e simples de fazer seja do celular, tablet ou computador, mas eu recomendo para quem tem a mesma necessidade que eu",4
354,"Entrega rapida, produto em otimo estado. PARABENS MAGAZINE",5
355,"No geral, produto sem nada espetacular. Tive problemas para instalação Wi-Fi, mas prontamente o suporte ajudou.",3
356,"Até agora atendeu todas as minhas expectativas, funciona perfeitamente",4
357,A impressora imprime rápido e sua qualidade é extraordinária. Porém antes de imprimir faz ruído alto.,4
358,"muito bom produto, atende plenamente as necessidades de uma multifuncional para uso doméstico, excelente relação custo benefício.",4
359,"A multifuncional é rápida em todas as funções, de fácil instalação e de boa qualidade nas impressões. O único ponto negativo é o alto gasto dos cartuchos!",4
360,"Condiz com tudo que é dito na discrição do produto. Antes de comprar pesquisei bastante com as pessoas que já tinham multifuncional e as da Epson sempre se destacavam nas avaliações, comprei e realmente me surpreendi com essa multifuncional. Qualidade de impressão maravilhosa e rápida, já vem com cartuchos de tinta que não são só pra teste (e os preços dos cartuchos originais são realmente os mais em conta do mercado), compacta e resistente, wi-fi funciona perfeitamente (após configurar, pode imprimir sem fio de todos os computadores da casa e com o app da Epson vc imprime pelo celular tb). Comprei porque faço faculdade, preciso imprimir trabalhos e outras coisas. Pra quem, assim como eu, tem o intuito de imprimir poucas páginas diariamente ela é ideal.  Recomendo a compra.",5
361,Poderia ter tanque de tinta é um Dispenser para a tinta descartada,4
362,Muito boa mesmo ótima impressora design ótimo ok oo,3
363,"A impressora é compacta, rápida e atende as necessidades. Só não dou cinco estrelas pois a instalação é um pouco complicada, as instruções do manual são poucas e direcionam para links na internet  com 10 opções de download e você fica sem saber qual é a certa... acabei baixando várias coisas que não precisava, e precisei de mais de uma hora fuçando para conseguir fazer funcionar.",4
364,"Produto atendeu as expetativas, chegou no prazo certo",5
365,Nao tenho o q falar produto muito bom impressões bem feitas e não é barulhenta parabéns,5
366,"o produto é completo, estou muito satisfeito. Super recomendo.",5
367,Muito satisfeito recomendo preço e benefícios.otima qualidade,4
368,O produto é muito bom. A impressão pelo wi-fi é excelente. O custo-benefício é muito bom.,5
369,"bons recursos e custo-beneficio, porém, lenta na impressão",4
370,"Muito eficiente , gostei muito com os recursos que precisava só achei um pouco grande mais sem problema muito boa recomendo.",5
371,Bom o produto que eu adiquiri a pouco tempo estou gostando.,4
372,"Excelente produto. Entrega rápida. Excelente custo x benefício. 
Infelizmente o cartucho preto acaba rápido, porém é barato.",4
373,"O produto perfeito, embalagem impecável entrega super rápida",5
374,"produto bom, com base em seu custo beneficio e chegou rapido",4
375,Ótimo custo benefício. Muito pratica. Funciona muito bem com Wi Fi. Recomendo o produto,5
376,otima impressora e muito pratica e com otima qualidade de impresao,5
377,"Produto muito bom, por enquanto estou satisfeito pois uso pouco.",5
378,"Chego rapido, gostei muito otima compra, recomendo para todos que precisam de um epressora.",5
379,"A impressora é boa, qualidade da impressão é  nota 8,5. Atende bem a demanda de trabalhos escolares.",4
380,A impressora é ótima. Houve uma dificuldade em configurar.,4
381,Fácil instalação e configuração. Impressão direto do celular ou outros dispositivos conectados a rede privada.,5
382,"Design sóbrio, compacta, leve, impressões rápidas, cartuchos não tão caros, e  silenciosa. O Wi-Fi não é tão simples de se configurar, mas uma vez feita a configuração, funciona muito bem.",4
383,"Produto atendeu minha necessidade, fácil instalação e uso ; com cartuchos de baixo valor.",5
384,Muito bom está impressora. Recomendo a todos. Barata,5
385,"Melhor Custo/Benefício do mercado, só tive problemas na configuração do wi-fi, o manual explica pouco sobre essa questão",4
386,"Estou usando o produto e pouco tempo, mas tem em atendido muito bem. E o custo benefício é muito satisfatório.
E a compra em si foi ótima sendo entregue dentro do prazo combinado",5
387,"O produto é ótimo pelo preço que paguei, bom acabamento, botões analógicos que é mais barato em caso de reparo e faz tudo que propõe com qualidade. Obviamente existem impressoras melhores, mas na faixa de preço da XP--241 foi a melhor compra. Magazine Luiza on-line é top, melhor que a loja física. Recomendo.",5
388,"Até agora funciona bem, atende as minhas necessidades",5
389,O produto é de boa qualidade e de fácil utilização,5
390,O produto atende perfeitamente todas as minhas necessidades.,4
391,Essa impressora possui os recursos necessários para atendimento às necessidades domésticas.,5
392,Fácil instalação e utilização! Mto bom mesmo. E a marca é reconhecida,5
393,"Produto de ótima qualidade, fácil de utilizar, atende perfeitamente as necessidades.",5
394,"O magazine está de parabéns! Entrega super rápida, produto superou as minhas expectativas. 

Agora estou instalando o drive para poder utilizar (processo de instalação fácil, auto-explicativo), até o momento tudo certo. Acredito ter feito um ótimo investimento.

Produto ideal para residência.",5
395,Bom desempenho e a tinta não é muito cara. Impressão rápida de ótima qualidade.,4
396,"O produto é excelente,  o problema é que só se acha tinta ou cartucho nas capitais ou grandes centros, portanto vou ter que compra isso também por Internet.",4
397,COMPACTA PRATICA E ACESSIVEL. PELA PRATICIDADE SE TORNA UMA IMPRESSORA AMIGAVEL,5
398,"Fácil manuseio, fácil instalação. Pequena e discreta, ocupa pouco espaço. Dá pra imprimir direto do smartphone e do tablet.",5
399,"É um equipamento bonito e cabe em espaços pequenos. O uso em si é prático, porém, fica uma ressalva sobre a questão do WiFi, pois achei a instalação para usar este recurso um pouco complicada.",3
400,"Apesar da eficiência do produto, a tinta acaba rápido, onde pelo que eu li é normal do primeiro cartucho que vêm no próprio produto. Fora isso, a qualidade e a agilidade torna a Epson uma ótima escolha.",4
401,"O produto é perfeito para o meu uso, posso até usar em dois computadores, o que não eu esperava.",5
402,"Produto bom e fácil de instalar. Inicialmente não consegui conectar via wifi automaticamente, porém, usei a USB e conectou rapidinho.",4
403,So posso dizer que o produto é exatamente o que eu queria não tenho o que reclamar,5
404,"O produto chegou logo, bem antes do prazo. Impressao Wifi funciona bem e scanner também. Aprovado.",5
405,"qualidade maravilhosa, super valeu a pena, fácil instalação e opera muito bem no linux",5
406,"Boa de impressão e excelente custo benefício. Entretanto, é trabalhoso conectar a wifi e os dispositivos (computador/celular e impressora) precisam estar conectados na mesma rede. Além disso, a impressora não se auto instalala, precisando de CD.",4
407,"equipamento excelente, recursos fáceis de usar
para uso domestico",5
408,"Gostei do produto,  atende minhas necessidades para uso doméstico.",5
409,"SATISFEITO COM MINHA COMPRA.  PRODUTO, PREÇO, PRAZO DE ENTREGA",5
410,Impressora Epson muito boa gostei muito recomendo 100%,5
411,"Ótimo ao ser manuseado, simples instalação, xerox tanto colorido como preto e branco são perfeitos. A Multifuncional Epson Expression XP-241 - Jato de Tinta Colorida USB Wi-Fi está sendo minha primeira e maquina e simplesmente amei.",5
412,"Boa impressora, com ótima qualidade de impressão. Fácil de instalar, tanto no modo wifi como USB. Apenas demora em impressões coloridas.",5
413,"Estou muito satisfeito, produto de fácil instalação e cumpre o que promete. Também muito satisfeito quanto aos serviços do Magazine Luiza. Entrega super rápida, e o seguimento da entrega pelos e-mails te mantém informado passo a passo.",5
414,Boa impressora. A epson tem uma boa reputação. Recomendo esta impressora para quem imprime pouco dentro de casa.,4
415,"Fácil instalação, boa qualidade de impressão e otimos valores de cartuchos",4
416,"O produto é ótimo em custos e benefícios 
recomendo",5
417,"IMPRESSORA EXCELENTE, BOA QUALIDADE DE IMPRESSÃO , TRABALHA C/ POUCA TINTA, PROPORCIONANDO ECONOMIA.",5
418,"Realiza impressões rápidas, possui cartuchos de baixo custo, conectividade wifi com diversos produtos e até o dado momento atendeu a todas as minhas expectativas.",5
419,O produto atendeu as expectativas necessárias para o uso doméstico / escolar,4
420,Este produto atende todos requisitos de uma Boa impressora!,5
421,"Boa impressora só a instalação (Wi-Fi) que é bem complicada,ainda não troquei o cartucho (espero que seja fácil de achar), entrega rápida! Recomendo pelo custo benefício!",4
422,"Indico pois é excelente ,outro detalhe cartuchos original bem baratinho,show magazine está de parabéns comprei em 1 dia e retirei no outro excelente parabéns .",5
423,"Eu recomendo o produto! Muito boa e o wifi 
É otimo,amei!",5
424,"olha veio com problema , esta em
processo de troca   quanto liguei e istalei a impressora  não puxava o papel . reclamei e esta para troca  vamos ver depois",2
425,"A impressora tem boa qualidade, mas ainda assim é um pouco lenta na hora da impressão; também não consegue ser das mais silenciosas. Ainda não posso avaliar quanto ao consumo de tinta. Até o momento ela tem sido uma boa aquisição!",4
426,Atende perfeitamente às necessidades do uso doméstico.,5
427,Por enquanto sem problemas. Fácil de instalar e ótimo custo benefício. Indico para aqueles cuja demanda de impressão seja pequena. Os cartuchos individuais deve fazer a diferença. Ainda não precisei trocar.,4
428,"excelente custo benefício, bem rápida e fácil de instalar!!!",5
429,Otimo produto ! Facil instalacao e manuseio ! Recomendado !,5
430,Só não consegui configurar o wi-fi devia ser mais simples,4
431,"Produto muito bom,super facil de usar
So as tintas que acaba rapido,mas e muito boa recomendo.produto de alta qualidade",4
432,"Recomendo pois tive apoio para instalação do produto,  foi bem rápido e eficiente.
ate o momento tudo funcionado como esperado.",4
433,"Impressora muito boa, econômica. Chata para instalar",5
434,"O equipamento possobilita multiplas funcionalidades, como imprimir, scanear e tirar fotocópias",5
435,"qualidade da impressão é ótima, porem a autonomia do cartucho de tinta é baixo, pequeno, então não dá para imprimir muitas folhas com o mesmo cartucho.. vou ter que intalar bulk ink",3
436,"Entrega perfeita, antes do prazo. Produto muito bom.",5
437,EMBORA TENHA USADO SOMENTE UMA VEZ ESTOU SATISFEITO,4
438,"não consegui conectar com meu pc nem com dispositivos (tablet e celular) via wi fi.
Só funcionou com cabo.",3
439,não usei o produto ainda mas conheço a marca e sei que é uma máquina excelente,5
440,"Atendeu todas as minhas necessidades, ótimo custo beneficio.",5
441,"Impressora simples e eficiente, ótimo custo beneficio!",5
442,"Estou com ela a menos de um mês. Mas gostei muito da qualidade de impressão, do scanner e do design dela. Wi-fi funciona super bem. Por enquanto nada contra (uso doméstico).",5
443,"Atendeu minhas necessidades.
Juntamente com o aplicativo é sem duvida uma ferramenta de grande ajuda no dia a dia. Os recursos do produto são excelentes.",5
444,"gostei do produto fácil manuseio , impressora para residencia",4
445,"Produto muito bom! 
E site muito bom para compra! 
Estou muito satisfeita!",5
446,O produto possui recursos que atendo o que eu precisava.,4
447,A impressora possui ótima impressão. rendimeno bom. rapidez e design bonito,5
448,Multifuncional indicada para uso doméstico. Até o momento não tenho queixas.,4
449,"A impressora é muito boa,  a entrega foi rápida e segura, bem embalado, só que os cartuchos acabam muito rápido.  Mas é muito boa a impressora. Agradeço!",4
450,Achei bem fácil de comprar e o produto chegou rapidamente e íntegro.,4
451,Gostei do produto adquirido e está atendendo as minhas necessidades,4
452,"Compra, pagto, recebimento e produto, tudo nota 10.",5
453,"Impressora econômica, e bem fácil de manuseio!!! Amei",5
454,"O produto tem bons recursos e qualidade de impressão e também 
 imprimir direto pelo celular via WiFi. Foi uma boa compra",4
455,A tinta acaba muito rápido e a impressora é terrível para configurar. Mesmo depois de ler e reler o manual achei complicada. Pra quem quer algo excelente não recomendo essa.,4
456,"a impressora XP 241 da EPSON é muito boa , estou satisfeito com a escolha!",5
457,"Produdo bom , instalação facil, qualidade da impressão boa, custo/beneficio dos cartuchos bom",4
458,Produto atende as expectativas em trabalho na residência e dia a dia,5
459,"A instalação é fácil e rápida e vem com um cabo USB, o que é ótimo quando a gente tem um computador com problemas no WiFi!",4
460,"Muito boa impressora, fácil de instalar e manusear. Atendeu as minhas necessidades de casa. Também é bom que os cartuchos são separados, assim voce só troca a cor.",5
461,"Apesar de ainda não ter usado muito, eu estou gostando. Foi fácil de instalar e a impressão é rápida e de boa qualidade.",5
462,"O produto atende bem as necessidades do, principalmente trabalhos escolares e outras rotinas, por isso tem um bom custo beneficio.",4
463,é um produtos de ótima qualidade não tive nenhum problema com ele até este momento.funciona muito bem e é de fácil manuseio.,4
464,"Excelente produto, atendeu e muito minha necessidade. A entrega também foi super rápida!",5
465,Gostei bastante! É um bom produto mesmo! Custo beneficio muito bom.,4
466,"Ótimo produto com custo beneficio excelente, adorei essa Multifuncional EPSON.",5
467,O produto corresponde com minhas expectativas com ótimo desempenho.,5
468,"Produto muito bom mesmo. Tem um tempo de impresão bem rapido, otimas funções e fácil de manuseiar",5
469,"Produto lixo, tinta cara, não imprime se todos os cartuchos não estiverem cheios, fica  o tempo todo limpando a cabeça de impressão, cartucho vem com  pouca tinta, não aceita outro cartuchos, ou recarregados.
UMA PORCARIA!!!!
NUNCA COMPRE!!!!",1
470,Impressora atendeu minhas necessidades. Qualidade de impressão muito boa.,5
471,"A impressora é excelente porém NÃO SE ENCONTRA tinta facilmente ! Essa impressora tem 3 meses de uso e a Epson começou a descontinuar a entrega de cartuchos. Em Fortaleza está difícil, vou ter que comprar pela internet pagando frete ! Falta de respeito com o consumidor",1
472,"Essa impressora faz barulho para realizar operações, acho que deveria melhorar.",4
473,"otimo custo beneficio produto de boa qualidade ja imprimi texto,foto,cartao de visita e ate convites",5
474,Comprei e com certeza não me arrependo! Ótimo produto e muito fácil pra instalar. As impressões são bem nítidas até impressão de fotos fica ótimo!,5
475,Qualidade de impressão é ótima. Muito difícil a utilização do wi fi e a instalação do software pela internet. Tem muitas opções no site e não sabia o que exatamente baixar.,3
476,"produto chegou antes do prazo, porém para instalar o wifi muito complicado, demais estou satisfeita com a compra",4
477,"É uma impressora muito boa de resolução na impressão! Só que ela puxa as vezes vários papéis de uma vez, fazendo assim temos que refazer o trabalho todo! Como e para mim usar em casa e boa! E os cartuchos vc tbm só vai achar o originais, que vem com pouca tinta!",2
478,"Produto de excelente qualidade, recebi antes do prazo .",5
479,"O produto é muito bom, e a entrega foi rápida, preço bom, ótima qualidade, bonito e econômico",4
480,O produto correspondeu às minhas expectativas. Ótima qualidade!,5
481,"o produto esta na media de outros equipamentos mas a qualidade  do material e meio faco
muito simples",3
482,"Sempre costumo comprar minha coisas com a magazine mas infelizmente dessa vez não dei sorte e o produto veio com um defeito que não imprimia colorido , mas o atendimento para devolução do mesmo foi muito bom e rapido.",4
483,"Ótima impressora e scanner nota 10, entrega em 12 dias, dentro da média.",4
484,"pelo custo, apresenta qualidade boa de funcionabilidade.",4
485,"Gostei muito da funcionalidade da impressora! A instalação é um pouco demorada, porém, nada complicada e a impressora de fácil uso!
O melhor ainda é que o modelo permite a instalação de bulk in o que tornará minhas impressões ainda mais baratas!",5
486,"A impressora epson XP-241 é ótimo, imprime rápido, pequena e cabe em qualquer cantinho.  Só não dei cinco estrelas pq o manual é online, ele poderia ter vindo impresso.",4
487,Tudo aconteceu extamente como o planejado e o produto correspondeu às expectativas,5
488,"A impressora é muito boa, scanner rápido, impressão com boa definição e rápida tb. Muito legal o recurso da impressora ter email, assim é possível enviar documentos pra esse email e ele é impresso automaticamente",5
489,O produto apresenta bom custo benefício. Qualidade nos Materiais.,5
490,Atendeu as expectativas. Produto entregue dentro do previsto.,5
491,Demora muito p iniciar o processo é nem sempre funciona com Wi-Fi,5
492,Muito boa impressora e entrega muito rápida parabéns Magazine Luiza ....,5
493,"Atendeu minha necessidade, bom produto.recomendaria.",4
494,"Qualidade boa de impressao,estou satisfeita e recomendo o produto.",5
495,"Meu produto foi uma impressora de qualidade  ,Epson XP 241 chegou antes do esperado ,gostei muito",5
496,A impressora é ótima com bons recursos e econômica !!!!  Com entrega rápida !!!,5
497,a impressora atende a demanda doméstica que preciso,4
498,Muito bom atendeu a todas as minhas Gersonexpectativas,5
499,"A multifuncional é simples de instalar, as funcionalidades via Wi-Fi e remotas são muito boas e gostei da qualidade da impressão.
O melhor custo x benefício que encontrei.
A entrega foi super rápida, antes do previsto.",5
500,O produto é muito bom a qualidade fiquei muito impressionado,4
501,"O produto possui ótimos recursos, compacta, rápida e boa qualidade de impressão.",5
502,"Difícil acesso a compra de cartuchos
Não gostei da impressão",1
503,"APESAR DA RÁPIDA IMPRESSÃO, OS CARTUCHOS TEM POQUÍSSIMA CAPACIDADE, MENOS DE 100 FOLHAS E TODOS ELES ACABARAM.",2
504,"Boa impressora, adequada para o meu volume de uso, cerca de 150 impressões por mês. Boa qualidade. Apenas notei que a tinta acaba muito depressa, em menos de um mês já tive que encomendar o cartucho preto, que estou prestes a trocar.",4
505,Chego antes do prazo excelente vendedor recomendo boa compra fiz sem problemas.... Excelente impressora ótima revelação ótimo imprimir​ de boa qualidade.... Recomendo este produto é ótimo,5
506,"Para o uso domestico esta perfeito, produto de boa qualidade.",4
507,"MUITO BOM O PRODUTO ,  CHEGOU ANTES DO TEMPO MARCADO!",5
508,Protudo igual oque eu esperava muito Obg!  Entrega muito rápido.,5
509,"Produto entregue antes do prazo, foi  fácil  a instalação e configuração, atendeu todas as perspectivas esperadas. Parabéns a equipe pela cobertura oferecida... da compra a entrega da mercadoria;",4
510,Produto muito bom espero que não me de dor de cabeça,4
511,impressora com boa nitidez de impressao . eficiente no que se propoe. cartucho com bom preço,4
512,"era mesmo o que eu queria ,obrigada.....pratico e atende as minhas expectativas",4
513,Tem atendido as expectativas. Facilidade de uso e impressão satisfatória.,5
514,"A entrega foi na data correta, ótima impressora só deixa a desejar o cartucho,pois acaba rápido já estou no segundo.",4
515,Produto de alto padrão. Parabéns Magazine Luiza pelo ótimo atendimento e compromisso com seus clientes.,5
516,"achei fraca,só vem ensinando a montar,não ensina os recursos para imprimir,e digitalizar.",2
517,"O produto possui otimos recursos, simples facil e muito util, sem falar  no Wi-Fi, isso sim e de extrema nessecidade, pois hj se faz tudo pelo celular....recomendo!!!!",5
518,Produto de excelente qualidade e com preço competitivo.,5
519,demorou e quando chegou a tinta do cartucho tinha qualzer nada no mesmo dia acabou,3
520,PRODUTO MUITO BOM PARA USO DOMICILIAR E PEQUENAS TAREFAS. CUMPRE PERFEITAMENTE O DESEJADO.,5
521,Ótimo produto e de fácil utilização porém pouca tinta.,4
522,amei o design e lindo; ela imprime rapidamente; não preciso ir a lan house imprimir mais; graças a DEUS tenho a minha agora; eu indico e exelente; compraria de novo; obrigado magazine Luiza.....,5
523,"RECOMENDO PRODUTO DE QUALIDADE E ENTREGA MUITO RÁPIDA, FIQUEI SATISFEITA,",4
524,O produto superou as expectativas e de boa funcionalidade,5
525,Produto bom o esperado pelas spectativas otimo e bem funcional.,5
526,Cumpre o prometido. Entrega no prazo. Excelente loja para comprar.,5
527,Impressora condizente com o seu preço. Vale a pena,4
528,"Produto parece bem intuitivo, recém começando a usar, mas a configuração foi bem tranquila (obs. primeira impressora em casa)",5
529,"O produto é excelente, responde todas as minhas necessidades!
Adorei e recomendo.",5
530,"A impressora é básica, mas a qualidade da impressão é muito boa. Também digitaliza e tem um bom tamanho. Bom custo x benefício.",4
531,O equipamento tem um ótimo custo benefício. O prazo de entrega foi ótimo.,5
532,"muito bom recomendo, esta atendendo todas as minhas necessidades.",5
533,"Nossa, foi muito rápida a entrega... bom produto e preço!!!",5
534,"O produto já conhecido é de excelente qualidade, atendendo plenamente minhas necessidades.",5
535,Ótimo produto gostei sastifeito antendeu minhas espectativas,4
536,"Excelente produto, e entrega muito rápida! Recomendo!",5
537,Gostei bastante. Bem leve para transportar. Fácil de usar. Rápido e com bons recursos.,5
538,"Otimo custo beneficio, cartuchos individuais com bom preço.",4
539,Gostei do produto! Barato e de boa qualidade. Vale a pena!,5
540,"Os recursos são os citados pelo fabricante. No momento, o que eu preciso. Estou satisfeita com a minha compra e entrega no prazo pelo Magazine Luiza..Obrigada.",4
541,"Produto fácil de usar e bem pratico, até agora nenhum problema",3
542,"Bom produto. Ótima impressão e digitalização. Mas não consegui instalar a multifuncional no modo wi-fi, mesmo com o roteador wireless a menos de 2 metros do produto.Menciona que o sinal está fraco, o que não é verdade, pois outros produtos wireless funcionam perfeitamente.",4
543,"Otima, pequena ocupa pouco espaço, atende minhas necessidades.",4
544,Boa impressão.  A instalação não foi tão fácil quanto pensei.,4
545,otimos produtos. recomendo para uso no dia dia excelentes produtos.,4
546,Fui muito bem auxiliada. Recomendo que esse serviço continue assim.,5
547,chegou antes do prazo produto muito bom estou satisfeito,5
548,"smart tv excelente, conforme propaganda do faabricante",5
549,"Gostei do produto, atendeu às minhas necessidades.",5
550,"Produto de excelente qualidade, atende as expectativas para usuários domésticos, entrega rápida.",5
551,"Compacta, rápida impressão e multifuncional. Eu recomendo.",5
552,"É um bom produto, poderia ser um pouco maior para notebook's 15,6 e 17 polegadas, mas da para usar. Já para notebook 14' é perfeito. Recomento",4
553,Essa impressora e muito boa . Embora a entrega demorou muito.,5
554,Produto bom entrega rápida recomendaria para amigos,5
555,"Atende as necessidades cumpre o q promete
Fácil instalação",5
556,"Ainda não usei todos os recursos, mas no momento esta dentro das minhas expectativas do produto",4
557,"Embora a compra seja recente, o produto é muito bom. È muito bonito, moderno e funciona muito bem.",5
558,"Comprei uma impressora excelente, imprime super rápido com uma qualidade fenomenal. A entrega foi espetacular e o preço nem se fala. Recomendo a todos. Satisfação garantida.",5
559,"Entrega foi super rápida, o produto é ótimo e chegou antes do prazo.",5
560,"EXCELENTE QUALIDADE, ENTREGA RAPIDA, OTIMO ATENDIMENTO",5
561,"Chegou no prazo. Tudo certinho. Ainda não instalei, mas ela eh uma gracinha, leve e compacta mesmo. Os cartuchos que acompanham são mini, assustam de tão pequenos. Eu imaginava que fossem maiores.  Não recomendo para quem imprime bastante pq o custo vai ficar elevado.",3
562,"Tem me atendido super bem perfeitamente , recomendo.",5
563,"Muito bom adore,i a marca já conheço  gostei muito do modelo, satisfeito.",4
564,Recebi corretamente a mercadoria e em pequeno tempo gostei,4
565,"Produto de ótima qualidade, fácil manuseio, bem como agilidade.",4
566,"O produto é ótimo. Corresponde à todas as expectativas.
Apenas precisaria ser um pouco melhor embalado, já que precisei ir até o Correio buscar, e todos na rua viam o que eu trazia na caixa.",4
567,"Fácil instalação, compacta e com bonito design. Qualidade de impressão boa, mesmo em rascunho, porém, os indicadores digitais de tinta marcaram uma baixa significante com somente 5 ou 6 páginas impressas. Ainda estou um pouco em dúvida com relação à economia.",4
568,"Impressora boa, atende muito bem conforme planejado",4
569,"Impressora entrega o que oferece. Só não consegui realizar o recurso de economia de tinta que tinha na HP, como impressão rápida ou rascunho.",4
570,GOSTEI MUITO DE COMPRAR ONLINE PELA MAGAZINE LUIZA,5
571,recomendo produto atende minhas espectativas........,4
572,"A impressora possui recursos de WI-FI simplificando a impressão a partir de vários computadores, foi muito fácil de instalar e até o momento tem sido bastante eficaz.",5
573,Perfeita. Chegou 2semanas antes do prazo. A cor é feita. As impressoes sao boas. Parabens á vcs. E o preço super en conta. Mesmo com o valor da frete,5
574,A multifuncional até agora é excelente. O custo benefício superou as expectativas.,5
575,Otimo atendimento rapida entrega produto excelente,5
576,"O produto tem conexão wifi, posso imprimir pelo celular",5
577,"Melhor preço, mas tive que esperar por 3 dias. Produto dificílimo de configurar, quase devolvi.manoal de instrução, péssimo.",2
578,"Atendeu minhas expectativas de preço, prazo de entrega.",5
579,Muito bom. Foi entregue dentro do prazo. Eu recomendo .,5
580,"Muito bom, excelente.. Wifi é perfeito... Impressões muito boas.",5
581,"Foi entregue no prazo , é uma otima impressora, recomendaria com certeza.",5
582,"Impressora Epson XP241, muito bom produto! Processo de compra e entrega da Maganize Luiza execelentes!",5
583,"o banco é muito duro, mas o restante é bom, a montagem é simples de fazer mas não vem com chave de montagem",3
584,"Tudo Ok com o recebimento da mercadoria.
Se a avaliação continuar complexa, com certeza não terão muitos retornos a não ser reclamações.",5
585,O produto me atende muito bem e tem preço atrativo.,5
586,"Pontos em destaque:  Wi-Fi,  cartuchos, silencioso",5
587,Excelente qualidade e rapidez na entrega da mercadoria.,5
588,O produto possui o que é especificado. Bom custo beneficio.,5
589,produto muito bom mas a única desvantagem    é que a tida não dura quase nada não imprimi nem 50 folhas e já acabou,3
590,"A entrega foi rapida, sem problemas, a impessora é boa, apenas acho que deveria vir mais 
tinta os cartuchos, principalmente a cor preta, imprime apenas algumas folhas, 10 a 15 e a tinta preta acabou, apenas usei a cor preta, mas o resto para meu uso está ok.",3
591,"Atende a minha necessidade de imprimir, copiar e scanear na comodidade da minha casa.",4
592,"cartuchos com bom preço,  boa qualidade de impressão, rapidez",5
593,Produto otimo e recomendo a todos tem recursos que agradam,5
594,Funciona bem e cumpre o que promete. Fácil instalação.,4
595,"O produto é maravilhoso, difícil configuração do wi-fi, ou meu produto não está adequado a minha internet.",4
596,"o produto atende as minhas expectativas,mas o seu preço poderia sem o seu valor poderia ser mais acessível .",5
597,Bom produto. Recomendo. Comprei pelo site e chegou bem rápido,5
598,Simples e intuitivo para instalar. Funciona perfeitamente.,5
599,"Boa impressora e bom preço.
Entrega rápida em 2 dias uteis.   - Recomendo",4
600,"Por enquanto tudo bem. Parece meio frágil. 
A interface não é tão simples.",4
601,um produto de otima qualidade satisfaçao  total  rapidez na emtrega  otimooo obrigada.,5
602,"Produto atendeu minhas expectativas, apenas não entendi como ativar o wi-fi do produto.",5
603,"Bons recursos, fácil utilização, preço razoável em relação aos concorrentes.",4
604,"Já conhecia o produto e adquiri um outro igual, ambos são novos e por enquanto funcionando perfeitamente.",5
605,Produto fácil de instalar. Bom custo benefício. Recomendo.,4
606,era o que queria e do tamanho do meu bolso. A marca é qualidade garantida,4
607,Ótimo produto......recomendo a todas donas de casa  .......muito bom ter uma impressora com essa qualidade.....amei....,5
608,Muito boa adorei! Recurso de impressão por email muito prático.,5
609,"Produto muito bom, custo benefício excelente, fácil instalação.",5
610,"Produto atendeu a todas as expectativas. Todos os dispositivos e pc's estão conectados via  WI FI , sem contar com a impressão remota .",4
611,"Maravilhoso o produto, meu sobrinhos amaram.Excelente produto.",5
612,"Excelente o trabalho, chegou antes do prazo estimado, e em ótimo estado, muito bem cuidada e os entregadores muito empenhados, pois chegaram a noite.",5
613,Equipamento atendeu todas as expectativas! Excelente custo benefício,5
614,"Produto muito bom, fácil a instalação, comprei para trabalhos escolares do meu filho,ainda não imprimi fotos, até o momento ótimo produto !!!!",5
615,"Muito boa, custo beneficio, Wi-fi, isso é um excelente recurso.",4
616,"Produto de excelente qualidade, fácil instalação. Recomendo.",5
617,"Muito bom o produto, recomendo para quem comprar uma impressora para uso domestico.",5
618,"Impressora muito boa. Fácil de configurar e os cartuchos são baratos. O ruim é que só funciona com os 4 cartuchos com tinta, caso acabe, é necessário trocar o cartucho para funcionar (mesmo se for uma cor que não será usada na impressão). O Wifi é bom, mas o app da Epson poderia melhorar. Gostei do produto e recomendo.",5
619,Recomendo tudo certo entrega rápida loja ótima de compra.,5
620,"ótimo produto, esta superando as minhas expectativas e de minha família. 
ótima qualidade na imagem. amei o produto",5
621,O produto era o que eu imaginava e atende às minhas expectativas e necessidades.,5
622,"Ótima impressora,  atendeu as expectativas sem contar no custo benefício,  pra quem quiser adquirir uma pra se ter em casa recomendo.  Abraços.",5
623,"Produto simples, mas que atende plenamente as necessidades de um home office ou de um pequeno escritório. Recomendo.",5
624,"A impressora funciona bem até o momento. Meu receio é que, assim como a maioria das Epson, venha a apresentar entupimento nos dutos de tinta, razão porque não recomendaria a amigos.",5
625,"PREÇO BOM, ELA É UM POUCO DEMORADA EM ESCANEAR E IMPRIMIR. MAS CUSTO BENEFÍCIO COMPENSA. OS 4 CARTUCHOS INDIVIDUAIS TAMBÉM FAZEM VALER.",4
626,"super recomendo, produto maravilhoso e entrega antes do prazo !!!!",5
627,Ótimo produto por um preço justo e com entrega no prazo.,5
628,muito  bom produto gostei facil de usar exelente recomendo,5
629,Adorei os recurso de impressão sem fio. Ótimo aparelho recomendo a todos.,5
630,ainda não testei mas veio dentro do especificado mas tenho certeza que ta tudo certo,5
631,"Muito bom , a entrega ocorreu antes do prazo
Estou muito satisfeito 
Farei novas compras.
Obrigado",5
632,"Ótima qualidade​ a impressora, compatível com a descrição.",5
633,"A impressora  é lenta.
O cartucho é pequeno, não dá para  imprimir quase nada.
Fiquei extremamente insatisfeita!",1
634,"O produto é de qualidade, de fácil instalação e está suprindo as minhas necessidades.",4
635,Produto muito difícil de instalar.... comprei faz 2 semanas e ainda está parada aqui pq ngm consegue configurar a impressora. Só isso ela tem de ruim.... pq e rápida e simples. Mas pra instalar é o ó !,3
636,produto de boa qualidade e de acordo com o esperado,5
637,"Bom custo benefício, compacto e bem adequado aos espaços.",5
638,"Satisfeito com o produto atendeu as minhas expectativas, e o prazo de entrega excelente chegou super rápido antes do prazo estipulado e produto de fácil instalação.",5
639,"O produto é ótimo e o atendimento da loja virtual é muito bom, são bem atenciosos.",5
640,"Produto atendeu minhas necessidades, por enquanto não tenho reclamações.",5
641,"Ó timo produto ,comprei gostei e recomendo é pratico e rápido.",5
642,"O produto possui recursos, que estavam na minha expectativa. Muito bom.",5
643,"O produto,perfeito muito bom.gostei fácil de instalar.e recomendo.",5
644,"Satisfeita c minha multifuncional. Parabéns a magazine Luiza, entrega rápida.",5
645,"Impressora me surpreendeu. Fácil de instalar, de usar e o melhor são os preços dos cartuchos. Recomendo.",4
646,Adorei a impressora. Melhor do que eu esperava. Magazine nota 10 tb,5
647,"Produto muito bom, prazo de entrega perfeito e facilidade da compra. Nota 10 tudo.",5
648,"Muita boa Epson é demais !!! rápida,fácil instalação  e qualidade me surpreendeu",5
649,"Adorei o produto é de fácil manuseio, entrega rápida.",5
650,"Gostei do desempenho, bom custo beneficio, atende bem o que se propõe a fazer.",4
651,"ótima impressora recomendo, pouco consumo, valor do cartucho em conta muito bom!!!!!",5
652,Não tem cartuchos compatível... Somente original. O produto é excelente.,5
653,"produto muito bom , entrega dentro do prazo e de fino acabamento",5
654,Foi tudo perfeito  chegou antes do prazo foi rápido demais adorei,5
655,"Impressora muito boa! Para o uso doméstico, excelente custo benefício",4
656,"O produto tem as características que foram anunciadas, como agilidade, wi-fi impressão de fotos e outras mais, inclusive a velocidade de impressão que é muito boa",5
657,"Entrega rapida, produto correto, bem embalado, preço bom",5
658,"Recomendo a impressora, ótima qualidade de impressão....",5
659,Eu gostei do produto e muito bom chegou antes do prazo foi muito bom,2
660,"Impressora Epson XP 241 ótimo produto, tudo dentro do combinado, e com vários dias de antecedência na entrega",5
661,"Produto ainda pouco utilizado mas foi retirado na loja e entregue perfeitamente em ordem, só faltando comunicação da loja para ser retirado no tempo estimado, que foi de dois dias após a confirmação do pagamento. Parabéns Magazine Luiza pelo atendimento.",4
662,rápida e fácil de manusear.........................,4
663,Recomendo Ótimo produtos gostei muito muito boa essa impressora,5
664,"Impressora compacta, super rápida nas impressões, e com um preço excelente!!!",5
665,impressora multi funcional    tyd bem         muito otima,5
666,Uma qualidade na impressão rapidez fácil instalação.,5
667,Fácil de intalar. Cartuchos com preço consideravelmente bom. Tamanho ok e preço bem em conta. Entrega bem antes do tempo previsto.,4
668,produto muito bom era que eu ja esperava em breve irei realizar mais compras quando ouver mais promoções,4
669,A impressora tem uma qualidade da impressão muito boa e possui vários recursos.,4
670,"A impressora se comporta bem, bom para o uso do dia a dia",4
671,"Correspondeu minhas expectativas. 
recomendo a quem estiver com dúvidas.",5
672,"Eu recomendo ,sempre fui bem atendida em  toda compro q fiz",5
673,muito bom cumpre o prazo de entrega até antecipa eu recomendo.,4
674,Todas as 3 compras que fiz chegaram antes do prazo estipulado e o produto em perfeitas condições de uso.,5
675,"Otimos produtos, tanto a multifuncional como o som para o meu carro, dois produtos que estou usufruindo todos os dias.",4
676,Chegou muito rápido muito bom o produto. Recomendo...muito fácil para instalação,5
677,"Tudo ok! Chegou como previsto! A única coisa chata é essa qualificação, que obriga a preencher várias coisas...",5
678,muito bom produto e realiza meu trabalho com eficiência e simples operação - estou satisfeito,5
679,o produto atende a todos os requisitos que precisava!,5
680,A princípio estou satisfeita fui bem atendida e o produto chegou dentro prazo.,4
681,Atendeu  todas as minhas  necessidades e melhor do que eu imaginava.,4
682,"Produto simples, prático e funcional. Design bacana.",5
683,"Produto conforme o esperado. Funciona bem, Facil de montar.",5
684,"O produto é bom, funciona melhor em alta qualidade o que consome um pouco mais de tinta, nada tão ruim assim. A entrega foi ótima chegou uma semana antes.",5
685,"o produto é muito bom, ate o momento não tenho que reclamar, mais ainda não to utilizando direto.",4
686,"Entregou dentro do prazo,gostei bastante da impressora ,atendeu minhas expectativas.",4
687,"amei, comprei esse mês estou muito satisfeita, a impressora é muito boa e a entrega foi feita na data certa .",5
688,Gostei de ter efetuado a compra pelo o APP... Na minha opinião eles deveria ter dado baixa logo assim que o caminhão descarregou...,5
689,"Ótimo equipamento atende minhas necessidades , estou satisfeito",5
690,"Superou minhas expectativas. Faz o que promete, simples de instalar, gostei muito. Agora, estou na expectativa quanto a durabilidade dos cartuchos",5
691,Bom a impressora muito boa e a entrega no dia antecipado,5
692,O produto é ótimo. WiFi funciona bem.  É  rápida a impressão e de ótima qualidade.,4
693,O produto é muito bom comprei e fiquei satisfeito era tudo aquilo que eles estavam falando no na venda muito bom a impressora é excelente.,5
694,"Chegou rápido, em poucos dias. Produto muito bom. Veio tudo certinho. Não consegui conectar com a wi fi da minha casa, porém tentei somente no dia em que chegou e não fiz nova tentativa. Recomendo, gostei.",5
695,"O aparelho em si tem ótima qualidade, de som e sinal, mas os ramais que poderiam ser adquiridos separadamente, não estão disponiveis para compra. Liguei na Panasonic e me informaram que não existe mais",4
696,Produto excelente! Eficiente e superou as expectativas!,5
697,"Bom produto,entrega no prazo,excelente preço e bom beneficio custo.",4
698,"comprei uma impressora  de boa qualidade ,gostei muito da minha  compra,  chegou antes do esperado estao de parabens eu recomendo.",5
699,"O produto atendeu a todas as minhas necessidades, chegou antes do esperado e o atendimento  foi excepcional.",5
700,"Fácil manuseio, impressão perfeita. Recomendo o produto",5
701,A entrega foi antes do previsto muito rápida e o produto exelente adorei recomendo parabéns,5
702,Impressora ideal para uso domiciliar. Muito boa e fácil de usar,5
703,recebi os produtos sempre en dia  e em perfeito estado,5
704,"Muito bom 
ótimo Qualidade 
recomendo a todos 
obrigado",5
705,Dentro das especificações técnicas o produto cumpre com o prometido.,4
706,"Produto perfeito de ótima qualidade, prazo de entrega tudo ok.",5
707,"Produto muito bom, entrega antes do prazo !! Custo-benefício Excelente !!",4
708,Muito bom. Fácil instalação. Recomendo para casa e pequenos escritórios.,5
709,"Esta impressora é rápida e silenciosa, com recursos que facilitam o dia a dia como imprimir pelo wifi e diretamente do celular.
A qualidade da impressão é boa com ótimo custo beneficio.
Recomendo.",4
710,"Por ser uma impressora para uso doméstico, tem ótimo desempenho e economia.",5
711,"Multifuncional pequena, com qualidade de impressão e recursos importantes.",5
712,Faz 1 mes que comprei até o momento está tudo ótimo espero que continue assim. Vlw,5
713,"Produto muito boom
Eu recomendo o produto e a loja",5
714,Adorei comprar na magazine Luiza chegou super rápido.,5
715,"Desempenha muito bem as funções! Rápida,  corresponde às minhas necessidades.",5
716,"Não atendeu as expectativas , qualidade abaixo do esperado.
Além de mais outras coisas negativas",2
717,"Ótimos recursos para uso no dia a dia. Scanner com ótima resolução, impressão de qualidade, e sem contar que o valor dos cartuchos de impressão não são o valor de uma impressora nova. Amei.",5
718,"Muitos recusos uteis, fácil de instalar. sem mais delongas.",3
719,"O equipamento atende perfeitamente, se tivesse mais opções de programas seria melhor ainda",4
720,"O produto atendeu minhas expectativas, recomendo pra quem ta procurando qualidade e preço bom",5
721,"Muito bom produto, chegou bem antes do prazo esperado.",5
722,"Produto muito bom....comprei para usar em casa. A entrega foi muito rápida, ainda mais com a opção retira fácil, foi a melhor coisa que o magazine luiza poderia ter feito",5
723,"Produto de ótima qualidade,atendeu minhas expectativa e entrega rápida.",4
724,"Bom Equipamento, Com ótimos recursos, realmente era o que eu precisava.",5
725,"Acima de Minhas expectativas, com Wi-Fi integrado,  show de bola.",5
726,um exceleste produto para seus filhos imprimir trabalho escolar e super econômica e  pode ser usada por toda  família compartilhado vários aparelho,5
727,"Produto muito bom, tem uma calibragem muito boa para o valor dela, velocidade de impressão é média, porem não deixa a desejar. Muito melhor que outras mais caras que já comprei.",5
728,"Produto é pequeno, para instalar o Wi-Fi é só configurar com o USB ligado primeiro. Acho que não é tão econômica quanto falam... Mas vale muito a pena pelo preço.",5
729,"Produto de altíssima qualidade, adorei! Preço excelente",5
730,o  produto chegou  rápido e como mostrava no site  ótima qualidade.,4
731,Comprei 2 produtos e tudo ocorreu muito bem dentro do prazo,5
732,Produto bom e com preço acessível. Entrega rápida.,4
733,O prazo da entrega foi antes do previsto e é um ótimo preço,5
734,"Otimo produto...adorei...entrega na data certa, satisfeita",5
735,"Celular Motorola com ótimos recursos, muito satisfeito com a aquisição.",4
736,"Produto muito bom para uso caseiro, atende bem impressões simples",4
737,Excelente equipamento e custo beneficio. A questão do Wi-Fi faz toda a diferença.,4
738,"O produto possui excelente recursos, otimo acabamento.",5
739,"Funciona super bem, até o momento só usei wi-fi. Bem fácil de instalar e com a impressão muito boa. Vale a pena.",5
740,"Ótimo produto, atende as qualidades anunciadas! Entrega rápida.",5
741,o produto  e muito bom facil de instalar boa qualidade de impressao recomendo o site e o produto,4
742,Muito bom produto recomendo atende minhas necessidades,5
743,"show, chegou antes do prazo ,e era o que eu esperava.",5
744,O produto é ótimo de fácil manuseio. Ótima qualidade de impressão.Chegou no prazo previsto.,5
745,"Multifuncional com 4 cartuchos de tinta separados, com preço razoável. Wifi. Preço acessível. Qualidade de impressão / cores razoável, na impressão de fotos há certa distorção de tom.",4
746,"Bom produto, supriu minhas necessidades. Produto retirado em loja com um bom atendimento",4
747,"Bom Payòl, só a instalação que foi burocrática e precisei do suporte da Epson, porém, o atendimento foi simplesmente excepcional!",5
748,"produto excelente recomendo a todos, imprime com 100% de qualidade",5
749,Produto excelente. Ótimo  Custo benefício  e entrega pontual,5
750,O produto chegou em bom estado e de fácil utilização e simples de utilizar na função impressão ao instalar os app. necessários.,4
751,"Qualidade da impressao otima.
Pratica, ja vem com a tinta, logo o preço compensa em ralação a outras",4
752,É meio barulhenta mas desempenha bem seu papel. Bom custo benefício,4
753,"Gostei muito produto veio certinho ,antes do prazo satisfeita.",5
754,"Adorei... Fácil manuseio, simples silencioso...
Top",5
755,Entrega no prazo! Impressora funcionando normalmente,5
756,"Produto de excelente qualidade, me surpreendeu mto.",5
757,cilenciosa rapida e praticae muito facil de manusear,5
758,Atendeu muito bem as minhas expectativas e até o momento não me desapontou em nada,5
759,Fiz uma ótima escolha em adquirir  esse produto pois é exatamente como imaginei e atende perfeitamente as minhas necessidades.Obrigada ao Magazine Luíza pela pontualidade da entrega.,5
760,tudo atende ao esperado produto muito bom e entrega antes do previsto,5
761,"Em perfeito estado.. como imaginei, recomendo esse produto.",5
762,"Belo produto, aconselho a todos, sem problemas com a compra.",5
763,"Boa impressão,  qualidade do produto boa. Ocupa pouco espaço ótimo produto em geral.",5
764,Todas as funções descritas funcionam com excelência.,4
765,"Trata-se de um produto de uma marca tradicional,de bons recursos para o padrão, me atendeu perfeitamente a expectativa,funcionamento perfeito,minha satisfação é total.",5
766,"Produto de alta qualidade, entregue antes do combinado mesmo sendo época de Natal, muito bom! Tô super satisfeito",5
767,"Um excelente produto, muito facil para instalar e tambem muito facil de trabalhar com ele.",5
768,a impressora atende e o preço foi o melhor que encontrei,4
769,"Bom produto, um pouco dificil de configurar no Win7, no win 10, tranquilo.",4
770,"Um pouco demorada a instalação, mas é um bom produto. Atende bem no que se propõe.",4
771,O produto foi entregue  dentro do prazo estimado e atinge as expectativas criadas pela descrição. Tem alta qualidade de impressão e as realiza rapidamente dentro do tempo esperado (nem muito rápidas nem muito lentas).,5
772,"Faz cópias rapidamente, extremamente econômica, foi fácil fazer a configuração para wifi.",5
773,Muito fácil de instalar e uma ótima qualidade de impressão.,5
774,Um equipamento legal para uso domestico. Aparentemente não encontrei dificuldades no manuseio.,4
775,"o produto adquirido  é  ótimo, veio bem antes do prazo, estou muito contente",5
776,"Otimo produto, até agora tudo bem. O site é de bom acesso, passam notificações via e-mail sobre o despacho da mercadoria.
Entrega rápida e eficiente.
Recomendo.",5
777,"Perfeito ! Atende minhas necessidades, com certeza recomendo",5
778,"Produto muito bom, bom atendimento e entrega antecipada.",5
779,"EFICACIA, RESPONSABILIDADE, ENTREGARAM O PRODUTO TAMBEM DE EXCELENTE QUALIDADE MUITO ANTES DO PRAZO. MUITO SATISFEITA.",5
780,"Gostei muito do produto que adquirir, pelo a qualidade e custo benefício.",4
781,comprei pois já havia comprado uma da mesma marca e foi satisfatório,4
782,"Gostei do produto, funciona como esperado. Magazine de parabéns por ter entregue antes do pevisto",5
783,Excelente produto e entrega super rapída. material chegou intacto,5
784,produto  muito bom atendeu as minhas expectativas  fácil uso  rápida e fácil instalaçao,5
785,"Comprei por um ótimo preço e não me arrependi! Impressão de qualidade, compatível com a proposta do produto. Entrega rápida! :)",5
786,"Ótimo produto, atende as expectativas, cumpre com o prometido",5
787,"Produto atende as expectativas, é compacta e eficiente para as minhas necessidades. Quanto à loja, destaco a facilidade na compra e rapidez na entrega, superou minha expectativa.",5
788,Já comprei várias vezes nunca tive problemas.Eu gostei muito.Tudo certinho.,5
